txid,date_utc
Q3ruevt8cuEG1yTGC7K2Dgs1UpJRLBNxPgMr8RGFr13MM8xM7sdgFixmFmgZYJB4XNWubRwupdzMYDiNXC7Ax3t,2026-03-06T01:00:06+00:00
2qd5bxamCQmt1jcamas6bAot9abkQsNEgEVQe1oR5jCgLjC6yk5pfbQ4ssWxNapLfPV9sH54JUMsDQDc8s3RcviG,2026-03-06T01:00:06+00:00
2bjqn7RkqwJL7VZntLtu1gfFrq3w6ae6evXRxi5Js7sTmRSLKHnvqs5HQbKEom5GEHiBuzbNDcixaqJAtWmN9N6X,2026-03-06T01:00:06+00:00
67DK6VDfrWodNsoHv9HFrtHbNTGCz8tcjhvbFjhKen4LTsH2qqyKAD3mQ3jcyqMXuUUrWZqVUNGGBuXDQ1VmmrLt,2026-03-06T01:00:06+00:00
5D9jYRHbhDemcsqtyDDwSqJryNN8UkA73YkQBAAWvwf4nH8yJy1k2Yv3JHYpBGhdasn441An1HZTVtJP6eLVr6Uo,2026-03-06T01:00:06+00:00
2M1GPKXYcYG5B8A5pc7cU2RuK5HmtdQCVw2EMrhd5Ye2cWDhm3hYeUF9Gjg94ieDGkRa6xLYFy9asiBcpisA6jHg,2026-03-06T01:00:06+00:00
5NHrbz1Aathb3NqxpkiNv9gxKpCTmfhkhhVFryDSpD2GGjFVmREd3NodCKHUmM6MXfHrZ5NcYpGvZN4tB8qqYvgZ,2026-03-06T01:00:06+00:00
2cY4ANad4CoW1B1k29P3dkXqbxEdhqwNT7tyEwRLU5rBZ37JBv9McfNjBzYBRsq3RAzepgLQZbH5yjHG6gZmpBrs,2026-03-06T01:00:06+00:00
5SSb1LY6znTZUhTLXGoYk2NbRHvMsvQA4EPS5jZMH6FX5DqSWaXMUFtqf1dJFwfqk2K3KV6FfNpaNihXDLURfZ7V,2026-03-06T01:00:06+00:00
3yNntrzh1PMyB7beEbfxGF6HQmD4TpAsvHQuuCBjG4NLzysvQacKoLgC9WDtHmWxXsCCm7KwvQsSuQVBD1NdwmPJ,2026-03-06T01:00:06+00:00
3wH5tYGbCLJuEowaanjQdG7vhdSV4gP1uMbJg91C5UEPzduw7HJwsNUwS2R1m14nxK7oiBjsz9q4iZBvqWzwJ2gZ,2026-03-06T01:00:06+00:00
47Y9kRsKAWY5UV4LsZr8TbK3uJQ8cwYXCykgu81LZpngJyXn74Mh2rnRhuFZmxargJZxv3M8kDwSVJZY2mkoA2FP,2026-03-06T01:00:06+00:00
uccpLRdXihKbsSbcNQ1VdHyLc4roSmtYWupEXfgMuDsKYGbPosNcp7fG2KYvEScddc53pPRAWYVwJnGFRqMK7vd,2026-03-06T01:00:06+00:00
3VD3VftinjFzd12WRMNuY9fur8dSmQ7mnL5sxyzGSgS6JUcCrUSVVmUJdx9UatC2VKu41rgG3gJoZChGqYQKGQKZ,2026-03-06T01:00:06+00:00
3SBaVPYJiDoQrGJdYkS2vH8s2BeagmFtU18ibw5fuXB8TiMCjS8Ut9HRF797Aodkac61gPK8gaz348N9pHtoAnqi,2026-03-06T01:00:06+00:00
2XwHfzGiWrwNEiNED82mDrPgHWvXybR7QiHDxy2R35a3Gi9Ntf2AqNYHAu81oD3U3dSESmjVQBtD9AMf5BUHkutN,2026-03-06T01:00:06+00:00
2c3zqpb94fwmbAfG9n4FmgGs4tC1kHBYAxmzQ3GXX4XdypAAuxrp68h3sgDXmgRfLZrdppgyKMRm9xmubV7sQD4y,2026-03-06T01:00:06+00:00
3eS85D73FY11DNq4SBduCDkw5UYoKWKjZHcXKWoabWfrzg7DZV8B2jXpjEZeR85tF5L88hF7JPHkr7WoGDvoYaTb,2026-03-06T01:00:06+00:00
5rnGXvRoXUT1xSbqmNZ49RP5bea3fvvVysZ25UZUD9QLsHsifqCzDnViBVhMwqL59dPfM7L7dGXHXkqAqG2z6s2G,2026-03-06T01:00:06+00:00
4mPNo1McWB4J4PFJbvZARwCahrLT9qvcUVBPow9gRnqEwAzFvT1nTNQJLT8RqpLHiu65TG3nwBGLGQ4bUz8tVpHP,2026-03-06T01:00:06+00:00
5gJfhnmgdmFYA1Eh7Fxtczoc1LgCGf3casKK6yE7XTocmS6YJqBJ1KNBtXTW6PvoM7u7jt24eGPQu3SCWfRob9k2,2026-03-06T01:00:06+00:00
5prAcUKDDz3wH6qUJZNM8kRC91kMDSsJQSr5DMakaA4pQdjaptfa8P4sUsfWtUh3BPb2yyFZ1Lpq1Cyeg6Yc7jkh,2026-03-06T01:00:06+00:00
5JcjuhwU25oWrJtvNt4bTLCzPbW5csjLHLWyHzFtQQwgiHyqCA2QDhXPJgcmHvEbHJ8wt5KdPgjAv4k4vXXbURxW,2026-03-06T01:00:06+00:00
2maCzUgfKtW9Cce5a53jJwes42Qp6cqwikw5VwBRneris8vq99WPcTtWXkeKf3E99CRFaLq2SXmsKKV6snaxy6QD,2026-03-06T01:00:06+00:00
2TgHVi5CPACA4h8fpeyE226toMLL3DwaGiBGAb3S2PndBcLwPtvaqLfT8YoadBLe7Z1a2DGYboWogXU5JDMchZcg,2026-03-06T01:00:06+00:00
4fHcZtTy6wxcg8UYtVyRcRtBggMX9Pr2wVsFrioMqCBPLrxKDDvi25t35vyQr8D7ucPAfqdHTk1x5Q29ZANRhDQ9,2026-03-06T01:00:06+00:00
25hj5jgdQQvwbydutAkT4rhNdTsuh4D5x2beEJqSyhCUDCi1m1MYatEFk4mAqG7fNUfYby3L4T7QQrik7hrjRTnr,2026-03-06T01:00:06+00:00
fc2J5UZFvzzRkjNCEQRD5h94ZKUMABrnMmKZggzofGzo6vUpkVp6A4qAhy7nDT3DKeoyuyJfuRuAzvUzUzL8CnV,2026-03-06T01:00:06+00:00
4iAhwic8QBoZRPeWondoAXK1ZcopGEpqJyHFDgbGSY7b7d6jExY7wQfWMDxqAQHgaGffRXy7Px1hBRdsaJVW86F7,2026-03-06T01:00:06+00:00
RQUd4LUaugLTxafRgwLVdGS7tMQoeiA56mYQpbaXBeqm8C3ZmHQsf8oTyGwxzmu14jLXUX2HMjRmUKs7p5Kc6Zv,2026-03-06T01:00:06+00:00
2HMBG5ff3cJMLK1Ua9tqfHGAUaMYMPvf3hgsQ4vqvZhLakhfDkBEQ2z5fd7UVtJrTEuEhWtXMjHhGmUY6QpKAYRR,2026-03-06T01:00:06+00:00
5auCsccdn7Cm41KjHCXqucxou4xQ3DRw4yopjvhirhZf4rptcBm7R9k6f52b1zbKc31PyhkdDR8jB5LMcU13sbqk,2026-03-06T01:00:06+00:00
5P5YeLXN8fRbRHzzDieqUfwntr3DLgfK7B9tMC8EwJYzBGMGMZ8wsPwQJ69xYJsYyfmhatFX5DGc7cPM7W1KkbhP,2026-03-06T01:00:06+00:00
35KUuAfWwkkpX3rXgZXaao5yddsyE3AZrkotCzv11dmrMtci5E3YWLov6Tz7qVAANbJ1bpvo31YrD8FDCYwwWdA9,2026-03-06T01:00:06+00:00
5jo7WzEbDyWKiuECsNZ3NXopKohkJ9JWeU9RaPt1wBQaw1jMToqDyYP1eSWVneJz8EhtXAb4ffcuaL4raUS3JSDg,2026-03-06T01:00:06+00:00
2dNsTRPuZgjzp3pMzgdXabKSjSg74tzdYphu6YhBxaQpTessEGKN4if7eqd3EG7WuuSHmTp3dW8BsE1YxMkPpRt4,2026-03-06T01:00:06+00:00
4juiQXTe3Ndyf7jYq4PyBduZkGnLVqjfbHCzSzfSEu5FCxRXMrBvNuFe3dLnBhDFWkuyWa4qXnTnvaACqWBaGfkJ,2026-03-06T01:00:06+00:00
61pYfxz2EKSCowEvxKVV4WLSoaNVWCfKjFbfBtoLogzswM7XnD9qDNeKcvuH4rYN97CNXg3x2DwfzM1tjwhDKSif,2026-03-06T01:00:06+00:00
3w2DbQSPto2NpYVAT6Kkijxo4TGG1Sv1UVs3q9kXQYGyMQZyd1Rhe3rHL3GKCKBvZwdQMDEY3vvHUNuRsXWZFN6X,2026-03-06T01:00:06+00:00
YTEXTbxTHwZ9VsdoujTSK2GACcKR98RduKNbeah9cpE5EQKVVDAki1Yy3g8uVEhZ7DZkHhMwabuPkKPBXZvCKqT,2026-03-06T01:00:06+00:00
4W4YN47B9QSfXa8hAjqHwxq2D9hJ1ZwBpLQ7VKe8BMmDtaQ4PJgByqZMjn5FfAKTDtfRz6eNFmdZSUYgY7fhwQAB,2026-03-06T01:00:06+00:00
41XdV5k9KAAXKDjTpKDobczPYSVkDHXpRfdBNPDjXD7419M1XF5Emh5YdtcX2FEXv6bunqjcu2mFaiy1qACmVTK9,2026-03-06T01:00:06+00:00
3d963rZcirEhapxMid4e22FGLWoAxa1GpSLM8PJQYmvM1A81TDoVH4Z9LopUm5qD3b3WQBj68WMAFj5gNax9V1Ji,2026-03-06T01:00:06+00:00
3ihZ3RQNHUWpajeS6Fwc57YNgyVUpNLU9wVYfhiFG2DjjVnVMqQxkD5CLqx3XSZ5Wooccc6kaTDDwmRneSNupwTJ,2026-03-06T01:00:06+00:00
6dxP3KcTp3N9Mi4KYZjS4PaXi3q3Q9UCjFvTWJnQMstmSgEKQxZAuK8JEHeUVSh3htoVzRWm7HUPc5pCbCisKAo,2026-03-06T01:00:06+00:00
2hd38USuLhLVDceZm6s7sqFzPK9jpdQRZT7hfKvXd7PPNV7kgChsr9Mk3hzs2YjX9zHdfm9PaF42yDsz2oQrvJZ,2026-03-06T01:00:06+00:00
2zx9JanVSjFojF6Gtmrnr8Ae4dpTDk7ocBHeSnqKFNPRqNWUBCQquQiTgxJpszcr46NYi5KD3jVACVjw8qhgkfC,2026-03-06T01:00:06+00:00
dW5PCjsEWehic4ztcK8EfCz2EukPZFnWZk4L27BbGSzRyct8Yq4yZYRqrMLVkwtoqVXrR1zsPmLoiF2Ghv1zCcB,2026-03-06T01:00:06+00:00
3424uixZXyvJSCwEFg7bmPBMNBkM7QAEuBYy6fpvpyLPah1bznpuvfmx4aM378aVUnEt8N4cvD6Mdb29MAcnkzu,2026-03-06T01:00:06+00:00
3UjPXTNXx1UJgSB5yECznuimPDjhQZnXeaX9YoJ6pqwmRpGSRypYyzmjHwsNCSC5vjL66KgCejQKE8q2gHSTCJhV,2026-03-06T01:00:06+00:00
5ELXsQexZs6fEiGiSnLCNXAuQrxLiaF9TJBv719jXBveL6BVXkeQZ9e7a5XdamzQFeunUbEQf5SKsAJYi6nHkdFs,2026-03-06T01:00:06+00:00
XgkFnFbwPJeMBVAbJU2jbGzQ1owh6XzSM6BjnAiURZRhcSnZAyKrnzr8PF6sjLk6mTsGycSX7sXPgvvHJdpfZDv,2026-03-06T01:00:06+00:00
3VCt41cekTtghXfWjBrCpzNDDunSifTjDhJYhtYS1nHPeAB1WBcTCKHVxSZ9ccmhYKmGeejBN9YjWKNTpbtNnKhw,2026-03-06T01:00:06+00:00
NED2DJARCXumi24RybLgM16t19kZaGUYVctpZpbiUye4ZwiXubfQ18R5JiJEFAqqqPug2AmCc3Tt1nAHKC6AVqT,2026-03-06T01:00:06+00:00
3kTbQUHzrFK6kNbAVCqAYc4RXBQGRCHBwjmBkQTBcfCWFYHWatjgGJKt3eHFT35EAwd6vdppgGFsDa3QqYuxS77z,2026-03-06T01:00:06+00:00
4mNho8nbPagwvtqT1q3NgbbkaCpSE1atkz69YCKiTDZf15DCMxDHeU6LEnA51go4XfGvi1dVyZp7Z8kknZHXT8CP,2026-03-06T01:00:06+00:00
qTnM2PVyShQNp1oraRRiGgQBzLGSifzfziZmFfQGbgEFyfeN4CxXPvAkrrCba9q6U7AtdvLLtiTn6JPtV3f2zWe,2026-03-06T01:00:06+00:00
4MPUQbd8f1icMJ6TvpGbjQxfXdJokHxRCbTG4LbvCjaaZuiJg5HUSX84vVj7Nx4hndakEgBMLPcpKMHWwu9HrdQY,2026-03-06T01:00:06+00:00
3RK3GTVNjg3ZPWFyjeqEXTp36PkYkBhHAduPfAqZSQMqdQiidPH1HaA1SrDshQ3PpMY6DvHTskviJm614nNKEzm5,2026-03-06T01:00:06+00:00
ZaZrWakWaC6ukNMawUiFAGb7bvYmgiNjSsZpyAABPvkaGG8kPc7gSRDayPbCuavtinVE3qv1WhH8zPAErcjcG1r,2026-03-06T01:00:06+00:00
4drgMwcUewVZt8t31tbd1kQso9q3t9ZwdhwL8rXtaCK4dL73MMMHZABsfRq9cXMVwrapHA9REk97rC535DUw1w6E,2026-03-06T01:00:06+00:00
3g76vSiHmbwdsUZ93vdLv3nRD2coJz8cfpfbS61bHwwPTtRvKmk2k1oyatfUxpnY8fVLB368f6e7AXhanbiBYzue,2026-03-06T01:00:06+00:00
29x85KivZKU1VP8XUot4SL2mAL6eAZ75VwZ82Fi6tN8KfvVnfjdsSc1WQMvtoadoG97i6FpsGQobGqbbXGHfF2og,2026-03-06T01:00:06+00:00
3kp8zALxHE1RPXEgwGXnm6nhQTvMczCuK5npXvBKVn4x96ZdHF5WD2uBgNc2SLranEeqGNBFa4VdS9yAJZAM4JNA,2026-03-06T01:00:06+00:00
2ohyanLVK6usDYV8D44iNyC63V5ZkNggjtBKzigBY9xgsXBFwRssMHfyUkLKW4XqeFfBBSWcXFmhewkbEi8mCRTk,2026-03-06T01:00:06+00:00
3vhex2JScGkbJyWV6H9nyT9D3qcB48MTdaFiRKsSwvediNSVVa1R1BHsnqD5wrGXuquZTpkckEmD3Jh5YFLps1LN,2026-03-06T01:00:06+00:00
3otiZ6Paeo2Ugc2sM7h3913jDCH58ju3sAnNDSppMoP3iKRdZ2taBur7B1qqrZKh4okadXPEhngSLftrWT7WNUeA,2026-03-06T01:00:06+00:00
32XQFYjtmxxXKAYP6E9SQ9VLirwwWKeFXa2fNpoWrjA4YykZiGkbQJq4ry7e5MzSMW8oeno3ySodB7mvpKXj53Mr,2026-03-06T01:00:06+00:00
25YrQpFXSt5AcBvgUo5KQnruNYC5f7k4GNt2nPVChaDWuq6aJD1DuZpcE9DMci3ra4heyXVsRV2FyiipynbjXVwE,2026-03-06T01:00:06+00:00
us3Q1WCAHiVpAqoKZBqK6eNjrqHD3U5TboaoWEpCEtNcNCVhEqy28QDKngy9FkDPqrgoenmVethwQXtHK7zcaTv,2026-03-06T01:00:06+00:00
2CDTPn27B4Dmu1PCuic2dPiWPQrxZbabH6x9yGjmWhCBx78i8ZiyL6GH3PTiBudWUn2SqYYVsPgefHyaNGkc8dt4,2026-03-06T01:00:06+00:00
2n5XZiUDud5pKuBGgmVckLiAHuJK8LZ4UprsSGZSek5V4fVBrgbReWqHgVSZu7f4q3aktJaX3dJyTEQW1WTsNgRp,2026-03-06T01:00:06+00:00
5dzspXHxgnru694J3KRR9DisjCzjvrUZDTCiNrc2yfvDyS2DApMyNzNvhyiowMjD5qgaJNhbybjC33w1x7KaULDP,2026-03-06T01:00:06+00:00
2fzFTZ4ugKkhkWoPiJXggKHMdRX85hfwqSeoYr7wtjBhZqCJguwn4biuS9Xcxi1JQWFtyGZNx4HDYTSradJxZWsK,2026-03-06T01:00:06+00:00
4FMeQSWQahVJZiFeUgF7c4b5SU2LQM5MFF1pbi9nSbygtjbdg3zAHPJw4CXnyjocEMSobwv6aEyxwUcSXt46Rdw5,2026-03-06T01:00:06+00:00
5NfTLHXxdCpcetyDVwUeDexpgT1MD1oDvxKmNkE4Jvb9qRdCWSnptm4pS462GpxGHdzWG2Sm7Tv8L56ZpLqz51MD,2026-03-06T01:00:06+00:00
51Vqd1ETKLM6UboZMF2VgWLopetmTeEiKe8jUqkGP7HJVTdAJYUa5uMGeGnbhAsiCs7KZBUUe7znerkNWRXAUz9m,2026-03-06T01:00:06+00:00
4pUKMaRZsdqc7Q1Niewjfj1Xtn56P48jaHgJbQHk524WKXvGGJmzPWR5LhcVCw9F1YfUXUyEXpd8K1jLyhb9oaZt,2026-03-06T01:00:06+00:00
5RiBoZQdTwb6PD2GEKpC8vWEfh45ZoGHBEH9naCWBDKVRZnJZoutCg3YxX5WtX6ZVLTRUgoGt5twtWu1EpiQC2kZ,2026-03-06T01:00:06+00:00
3cqncyvzzgeh1mY6MKwszKzkobPp4NSnkwWZt6UUmuKKyuKZpfE4BRTyBL1dP9zPLBppuZuUL5aKuJQVjgB4C6Qo,2026-03-06T01:00:06+00:00
488xeV1iUgByCqM9zimdjcVdd1KZFYbzR4itwo57wuDY8mxFh9z6vtLTTw4iVLsSMgNG6GrKXYu8JdyL8fDsgTfE,2026-03-06T01:00:06+00:00
5ojjwyYmLaVsZ8uP6vrHw4gnNWjiFRJTJu1ZiS4JAbHg4wCybLEDiLfB22s5psXX12BFDuyz9BjNbD1UQt9qGFRF,2026-03-06T01:00:06+00:00
3PHdADbgBXXFbr8uRuhS69PbqGm1EE5ERRvdUK8g56QkPSG6u31gzmwUEtMeSRW1vsxxrPD1cPjndfUWPx58MAkw,2026-03-06T01:00:06+00:00
2wj6Sn9tba349xo6Q3ZC1auufPaZtJkJcqYDqbaBCTaH2RQuVJDzWL71m6nDhQ4kozB7caoZ6GkM7cWT7F3eTDAh,2026-03-06T01:00:06+00:00
36EckdwQwSMwkHRtJ92QPM5tvzMnar1NtxXVAaEP9QLxjyR9ZPrTUpqGyTHfNADJwuCBWKeyNzyAaQVPLEkqYKgs,2026-03-06T01:00:06+00:00
5UW9G6gK1fvDMwLjYRqGa7HoqxRiFieHjQRU62Gqsfgq1EhL5ifCsgziMp3daQUcAXkFwn7rWDjNR9XzTFUV3qgA,2026-03-06T01:00:06+00:00
3AZBBexaQC3GrHkEefn1y3ctfHFd7vTZQSkddnEn9T7wcievaZwPNv4QjoQmcN6UnL9RB5bFHhnbpmKMtVmZywWW,2026-03-06T01:00:06+00:00
p5ZfFiyUKP5yNW1D2mZ9XyLU22HvEzmxZhj2hNMmBukpxffcw2J6TSPTaddwRSFssWwijYogWTkbs411pbTdTrD,2026-03-06T01:00:06+00:00
4FzookxCAVro5Qu8wVaDWkQpfik1XbgoNVEDJZPZycXf2ELzEH2cENG7cxpXHFyZ9VGsDvCRMG8BxdUvYgDBzqTX,2026-03-06T01:00:06+00:00
3ibknJVooMkutPW8PoUQofMziApNkS7qU12TMBhp39LaDd3XH8J9ia55eTNzyV8fdC7tv1GYFdF4WDLko7ZLkCA3,2026-03-06T01:00:06+00:00
5cFpigX5A2VX8N9FXRqoorfcVavjym7DigTCpa4pjWX69ojZazE1WBbJHZiHHtMqNpMiyDEvyn2DsNe4uNcMRRjC,2026-03-06T01:00:06+00:00
2RazPjEgkJaTcDa2fowJSQroR4PGK5hNMw1mTKa6wp8cSP9jR8uke94r7jzTKUxFvtKAYtRnk8hgdrbYETQUh9aV,2026-03-06T01:00:06+00:00
5aMYs1S4HVyCfBaFPd3dowCNSFrmAjcXH1LsnBdD52rDjAv3k4jr9B6SLsPX7R4ccCTcASDcNVTVmUBJiXxfRZgm,2026-03-06T01:00:06+00:00
2Zj3v1aVYn6Hm9zve8xg4QtqdtkHB5QMCkapudej6grfGogcDUjXSMtNErNriVAgweZsGPAmD4VqX8CqxpUnpBdo,2026-03-06T01:00:06+00:00
3xraN4KcDdRdcKA25rAR1tpXLWbEWg9ZGNcBa57sZM7PZKEDuDes3nehwfYrQ8w1SiRLvEkpdHD168ZHnmzH2Khm,2026-03-06T01:00:06+00:00
3es5tgtGYrdMcr8sVTi4YvDpDHMjNaBCCtvUM9bm66mrXqo4Z21itZ2Ljuf1uwjV2KTv3YyDmYAZ6dDKsioHWxWm,2026-03-06T01:00:06+00:00
5WrKcCShTfjNdSjctKvTBtiqck7iqbaN5SSQwWxvmUGNc7YApDkUwCPJbr33sgJtpt6jSiSpAbDgEUcjLmFYNm2g,2026-03-06T01:00:06+00:00
3q8Fsa3RftMskoQ7ztrGoChPYku8ZfKBHz2rBNYXyYLkn84U6aPxe55E6f1BMCS52zwceVkEygsPANStvh8onkdD,2026-03-06T01:00:06+00:00
3Z7aHB8SPYhBFEntrChK1Gun1Fa1QQp43X7v61UfXshFZsGiR4AwTJymJ22A7DcgnVj39xSuAYoQx4i8MxS8aZW3,2026-03-06T01:00:06+00:00
4SxHnV6wEPWYm1uKe6UvfrmnzJP63dq797aVUgvLU4T8pdne6zUt3452d77TQ9BwMzKj5VBDTWEjTjw6Vm3qJnWv,2026-03-06T01:00:06+00:00
2ZSkuFpwXwM1YhPsVg7ohPy6WmxtFj3NGcKEqigr3MsGnPq6Sa3FXreZ4rDQeE7C1d4BNKRmY7fGpQEamwLxKf5k,2026-03-06T01:00:06+00:00
2kif8kT9VJeWsAyRuUaPyVovTtJzd32EkhmPLSss454q4ZruiyQtUf7eJYitKavo49q2bqhTua89QRTUSiqG34Go,2026-03-06T01:00:06+00:00
5s7ZiEPmt7QXoZhXKoNKZbpZr66ohbsbHV2MqcDHV2Ny7LuzkQDJJPizCVjhW7t2rB8tWT5WahgBUsnd5MKKbFLC,2026-03-06T01:00:06+00:00
239xi2mku2DYjbYyBUPZwCbDGkFKPTTXAL2secT7iLu82eYzKdLGZMU1avTQMSaoeeVKPR33doLbakEE9Rj9g39T,2026-03-06T01:00:06+00:00
21etqJ2CMSqXpFmhYhA6TzVeQMkpG9XV5ggnVHW5wXJujDnZzvUFMkpsDmHzvJEKnRdFd5hiBZ7pvGXnukhW3f92,2026-03-06T01:00:06+00:00
3QzgqLp9qVU4fgXkZNGDz1NsL7EsEzM7GYgFRLFChjx3xthtQ6A6WkrFeSeEfHcZVKCRtGMFk2kQEAiZ37R9XJTN,2026-03-06T01:00:06+00:00
4SLgSwYKv9oyw3JRD3vd8bfB8GoEK2weGzmLsQzK2daXiw8Xs9vGLwL3RYwfneupeTdJh3xBW4QGR2MX8rphPqvu,2026-03-06T01:00:06+00:00
2Jv48dP3NXok8URTcxgBgUscPdZ9cdqcdwG2QNKp8VZ91GNYHGBDgWfrQnvRighdw8p6gfHcFWyqxuVoH7vkF8CC,2026-03-06T01:00:06+00:00
4kQZzdvJyRjGFSPhnGU5MXme2dXzY7S92s2jussnS9CZzT8DyWvvCoJ6Gbuxb2AWpf9wA5kFwaLJx2pKGjGfxRnY,2026-03-06T01:00:06+00:00
2e6HMKkKFErfLREtaujQzVrZyU3sREGVAivNksW8FMmqGHePPFQNvM3K6tTmD472gyT14gibYm29svdWRXnW6izd,2026-03-06T01:00:06+00:00
5GzUrkKkyvxjC4iUXk8pGhbX7RwAFVkdzmusBDJJ7tGxzwnLUtBNWQTFTUpdT7U3YtiP1u6Sr67QLzFV9K6CadRG,2026-03-06T01:00:06+00:00
CvLVyNxgy3gSsk8v2wZcgn64iBVQcvSmKeyQ2aw6H4CnweRWrzVM9K1E8P749dfXNK6eL1uYCZQecYdgJPzAyHC,2026-03-06T01:00:06+00:00
2uTq72HER8Jssiee4V2dsY7meUokwNTkxCs6bmi86m7VCRe6GH48YqNMtFEedUiUWqgQgKZzFZc8NEzU7njwhyTW,2026-03-06T01:00:06+00:00
3e3RnAYS4sq43rTiyLVHHUwqPonYjnrb4ttVT3ET8c4L44UVGUd2bpbVReVKyGHmzso8gTpjg2RsdAgFv36CxPxS,2026-03-06T01:00:06+00:00
5c2YXp7zmvMSbLpqXkoB1YbVk1gpzp6ZtkAZTA7K6Wx5QA18HvWAVdnrT6rTi8FdabwmK8gFAR9ikSkEgWdN3PTf,2026-03-06T01:00:06+00:00
5JXFUNjvTpefGkkitdrKXHPgEHL3qpm6dqRYKCDF7YDLV6fczU4wJLjZ4oCofYZ6dV4oMHDxUcmzSFV2F6ghd2vg,2026-03-06T01:00:06+00:00
2CHBiEeGFs8YhzYhH8c2uy7Mbr8mDeFsJxpQMDNR83GEJioPcbbrBXByzVEZFJWJo6fN6dtx6tBSKSNV5sDJidse,2026-03-06T01:00:06+00:00
5EBURE1TfXfQXZrbd2TwLf5TtQ8nnXdjHCaDMSZzHgRKXpDdAnALTiFaXnZYdouLycM9HgVuakmXMdQmdBT713Gt,2026-03-06T01:00:06+00:00
XvzvMoWKgNwYc8gVYb4JSR41vRvT2p1S7BxBW2L2WhacBeZodfcRHMRNJBPboBRZXKB55MKeTdHUdv7WGinHo7A,2026-03-06T01:00:06+00:00
2A1Xwof2a7vew8zSCmmwrYGuMXQRGBdFk7edaVxtAAKrC6bWAHcADwbdT81FiS6X2ReEgv7wRNzDKsiHRnA5vnZK,2026-03-06T01:00:06+00:00
4XvUWKRyXPRACM4F5hcHTQ4jSa3BSXgd6efjxjhQtKHwgM2GefbYKtxmrvNcucqneB387qyBmxyCqeW2vgmuXZNR,2026-03-06T01:00:06+00:00
2Hs2NrcuCnAKC8pP72G3srGk2uUoTci3oR1HmSpEcPewFSmdWVCC9MaW43fWsZvkf4Vuze5TWrjEtKmD2tgM6MY,2026-03-06T01:00:06+00:00
3z9jBeAbFyb6rnLgPXDtBZiDDd6VbS6Dcn9tbUJB6ZgoR6EGThAssZw8vucpNGckpewFL87ypd2j52nRJBBKf1SG,2026-03-06T01:00:06+00:00
5ro9KWAhkujZub53aUqQNbNKiniDSuhFAsLhbuf5iPhov9mmDmh3aDqCSqeyzzq7Q4WqZ982PmxrN3v7zFoP3HBN,2026-03-06T01:00:06+00:00
3V9gTbFufE3z7cQa73yBmvdshUbJAHTrXFc35BYVXDSURUZMgdWsVN9767R1JKZRjHvtizWAyymxWkEsQLfhk6mV,2026-03-06T01:00:06+00:00
FNTN1tNF8wCatXJqZQEnET2SWmWawTrUZb7hmiENQwnYjVfBVm8UeBPxu8CSvB6xVZ3PtQbHxQ2Sosn4Z3fi1Ga,2026-03-06T01:00:06+00:00
2JszV3oKTsSH2q8R98zSHStieHsFxoGdX3r1DhErvz6AwHSueRC1GJTpfA98QJdWQsatHXrosXXeMBEAX9VmZWSE,2026-03-06T01:00:06+00:00
4TW4JCouUnPMMyYvc8GzifxXvwdfTBVhuHmiXE9C6k7z6ZYYvabkAePTBe5NZNgFqWWUHb6KW6tfJbHQQe5vGKGu,2026-03-06T01:00:06+00:00
TGVXneCNX3z88gM99WJARY1Gy3XSUsWPKjFTd2HxFS1chVMUBL745Z59pmgA1Fgc74SfF3mxpqsAG5QnKTvaeTy,2026-03-06T01:00:06+00:00
36sZAz4rqRD2nece577JBeRCYGYtqs5rXuNFmXbpLMvCLksmcZixvBBDenkH4tvbSPGTxJSa4e5wkS9tuNy5YJdc,2026-03-06T01:00:06+00:00
2XcUVdFGNesHQodgEa7biRNz2HEPb5efZmak1Kf3ZvVycLS6fJReMpDNPrvZGD8R2PG1qJWEczvFoms7ERpE6Q6w,2026-03-06T01:00:06+00:00
61iKBezD7mAXcN6U758r5SDKMgeLsmMczWh94FQbeHokuhJzYD27Bj27SqQ9rN7kvmqMgyTJeLxGVn32PPurV5cU,2026-03-06T01:00:06+00:00
54tNCbAwnCHcp6YsBgY9FWcRvhnktCd6VEH6kFVu6Lb3hTTHMJ34PmsgCCu51Hbi4LKedBTcXij4pdaXU8EW94cw,2026-03-06T01:00:06+00:00
2wpQfmJPST8hrzqQbZvebVah8AU3VbabfMXD9pUyiDegSYyWH5sUSFbveZ7SoSSzv8e4TkAPMiEUFfcY6fGxwMgg,2026-03-06T01:00:06+00:00
5xyCvaG6euFAVLobLptfMRfGm5ufop8oD3mc4yDgRGUNikDbRVDPDd1VVsYwnzcMdMPxJ3azXSYR8ttuBfyt7Amm,2026-03-06T01:00:06+00:00
Gzau8fQL4yBRWiCN9bAzrRCtaCPnBGKQGuxUiQ4vfVq2b8LD9zyHze7BLyyic4n133GkYBJMmnhj1NE9QQpduPK,2026-03-06T01:00:06+00:00
ut15M86ZrRG6ZhkP1KbPURRbBKEbfbyxF8ikMAqBeKfzdFeThpkLpfGyVPiP4H2puRUaFoeW7FC6RZFWxTAaEE8,2026-03-06T01:00:06+00:00
5c85yB13vzriViTCugUfqWUvLLGTnHfuTwaBnQQXHcNq3hTjV5y6eezCeSHZhdMvvFwkr3G3m7GyeZpy8enUBir8,2026-03-06T01:00:06+00:00
Th3vGo3Pqb3dPBtKzKqNa7ADM888nrEqDfG2d4oFdgNPKnuJTYqKFytu8MRG3EKakgWipMqti13EHnyvBPv5Z4i,2026-03-06T01:00:06+00:00
4MqgvnavnbSPUGh6usWZTuDrjxupPvYEkVrXf3Bj3VPewszBMNBkZHYKT6qdQpt4f3qf7EXbCSkTeNTwpF1K6szj,2026-03-06T01:00:06+00:00
49WwGrK3cQxwdaSn3UzRyjbsbLcqYYxdQhSAqqFKTTkJQgrJZssbqaDcdeAcNoVnirpe2xJoyM6Y2Rw4FjJMDLEm,2026-03-06T01:00:06+00:00
61UUToxY4Epr4u4qNfbYwuqNocKxWVAFjzFHiRZnM3gne5E3UHzLMcjGcmfVY9PiWHdwvoaxt33Uaqkcj8JUu3xa,2026-03-06T01:00:06+00:00
634Qb5QVGH9xqDVAjRJGgPaSNgwxPf1yKNVH724pLWcumbGcKaMVXp95uMBm9sh9TVjnf3sNC3MYxvvpMb7vRkfM,2026-03-06T01:00:06+00:00
3WSHum4b1rm8MuqcZDxZAqSe9kZKapTqhgGn286MAbBkGwrSpL5yDKYNeTdyszeLtHXUTrW93gfWCHJuNENHtmgn,2026-03-06T01:00:06+00:00
Ci6QvVqJUPcXpfCAjyoHdD9ggGNk323LQgZAoCxYZFwUsSWjKVyTA9inQNjLjabJqLsM3snb3ADyx3YLX2WCKLD,2026-03-06T01:00:06+00:00
3U8hjJUGcqv6Cc5qKPVyiXG7jFVfNK7YbqoKuCcDzjDoPzti7FUchnWSjeE86SSFs5hG5ik16FeQPJ8rqDK6k93s,2026-03-06T01:00:06+00:00
4XSFE5tY7yBJmJWxRrBUZCzehbC1AKfsfPPo3rVRe7MmD8x21Vg4ptrt6gRfGApE9GmAVGrc1RecTZsSxKbsuAre,2026-03-06T01:00:06+00:00
3LAAvkdz6t3tuS9GQusvQyjM89H4SsavwdpNa6jLU89pye2XLQfju9XcJMNdhWkMHAnAfDDvNqTKTNs5MfdWc8D8,2026-03-06T01:00:06+00:00
4yGhCwk2cxHWvhWy1xxQke55FbDdyQdWJw2w2SYheTvjQrVVwSQSq9beEaPpq9PcyTWXb3VQCmcvNups9V83CAMA,2026-03-06T01:00:06+00:00
4MNxkuqTdkp2dLeBxeWtGdGtJYEbT22aHQsY3sQ6sRghYsvZBN7cNVyBXDQfyMcQPM7sRoh3CZkQjrPqx67VPx86,2026-03-06T01:00:06+00:00
2ZTFCGz5ayePfa2TivehMxgXWr9RtsMqKvB7nUkJq2CPybKHmUH2Lg5qRkhsq9EPwk9pHrAK21bt6gCrtALJ5QLn,2026-03-06T01:00:06+00:00
4PLZxRyRY1vTFvs8yCE3WMQ9iFkhWFKdyGJ5G8EXYn6UCz43Ah1XKhDtTFfatGd155rbeDRn6Nuj1YkTCi2XhkeN,2026-03-06T01:00:06+00:00
2Lz1V93HoXezsMzJnjBcH6xMC4VYHW61AEVj9X7FDyLU9sXyfmPPbogJStbdyC2R6ssw59vxFrpkDT1hvZGdGgqt,2026-03-06T01:00:06+00:00
9EyXnyZdL1mR2JzWkeaBtbiZCGiVBAJfp5ShDh2akBXifubBPneCKcTLuW9KryxKQZnSPFeBqsAJUEHWKTpYH4P,2026-03-06T01:00:06+00:00
UUfkRJ6hZRuVAxubjbebtTLUMQw3xcJotcVUJzkToag7PKdyy2VMH22RYjcofbs8KSwgiL2thsrEp4uNpA95QDL,2026-03-06T01:00:06+00:00
3qv18VMwJcSsN3LNe8gxhABeapeL4wvm7786s88BsT9khKEbBeh4AUvqgMhPZks4mwttRYPmEn7tVAL3rM25FgXs,2026-03-06T01:00:06+00:00
3RZP71RtKF5Wicnv1pw7rG1dHRPzRMywfvnBL6zh3kJEiWvpioDzNqjok1g8ZNgxF5cWfdmqmqzXxquKQqYGSMj1,2026-03-06T01:00:06+00:00
3yS8WzyLpKHCGeB3YnsLUymdRbUo6rV821Fk3ZbV9dRgT3irWSSMoiczJLujg1b5j37WT7KYA3S7z9xPzpJebvYA,2026-03-06T01:00:06+00:00
2hi6KKN1fdjVaonFEWsW85i2swyZQ2wLGWgwjUsVnvUVV6QzKJkN7TaFUwdhsiJaytGbkcXTTwFPSV7Di59PczHH,2026-03-06T01:00:06+00:00
A6vw8NuTizNQpiSdXTRJmVGrQj1JUnFyxVBMKPaaDqCcL7uCvzo2ZJS9CpCQM3CM2RVD1GqBY8RVUqAGwAXawu2,2026-03-06T01:00:06+00:00
LvbJMZDYGMKaxcYEWYsuu3bG1WopPuoQEaYgoGspFbko5XHzADqWHouWnEPw6eUraMU8vTmyYZNaXfWmTCZSm7n,2026-03-06T01:00:06+00:00
5PciDBiuVTezgyYdx9W3Y6LEShW2mmtyNXPZoiS73j8JxaJqXrRMBkvdck3rz68XjkaCBDSfZNNR6BhiVo8B1PR8,2026-03-06T01:00:06+00:00
24sSksQwPPgyXydPxBMWtnNH31unQXDmWKTtsbxbR9XZxdHFT7xUEWvoknbLDrBKsyYYe7eKHJJNX7kbG3uDhEy4,2026-03-06T01:00:06+00:00
5MHf3jQh3axVHspEyCJYJwZFVWyETUxcsGySrj5ERKRUcwW4tcVLki4AevjkVVB4Z3pn18XkA8c3JDRvTm7Cyq1J,2026-03-06T01:00:06+00:00
4PX2nhTPJ13d2Tojj8GdrbwFDHFuvoxho3aozk4AW76VqJo9sJaacUPunve86umBQYPqE6fKnSCGBQSJV4Saj2uR,2026-03-06T01:00:06+00:00
kRCe7FzC1JzcFBc8BBuZ3n3spGzpZyv6J1kAy5CuaDcVu8sxChb6JqkJ3muQ1FEYizNP7GJqwjmtjcuimP97UCK,2026-03-06T01:00:06+00:00
2jbBdDtk3GxU9MMYm3fNYjximR2GiTF3yHZLHfWV8hLFRF352M3ARDjobmtz9H5pbWzBUsqGhk5YiHWKpsPmBT2T,2026-03-06T01:00:06+00:00
t8iB85j1Wd945F5MiTbmsTYqUxzNRZsY3uuJQ4sUFzNiBGojwPiN6RfppGQ6svjuPfrSwhy3W8Kbu3ANPJjZFfw,2026-03-06T01:00:06+00:00
3Jn53MyswXJ525mh2WGR7usFCo7jEwDZ6AXEh6KF9Nwxmd97MVnGAnYkiuMxFwYuv5jyyPSRpHJkk1WJZZ8XP9mz,2026-03-06T01:00:06+00:00
5Tr8qyXimj9uM7bH4gG1MB1fuEu1Xs9vtPPqEAobukHbqGjgMZAJqkxW6WLxAand8iTokrwgzWhpbc8bibWMXEmm,2026-03-06T01:00:06+00:00
5GSutv2KZ1CvgPDToPiUL9t5nwupcVinD3RVk7S7yuCTFLvk1hA7ieDTAnc8hBGhLdDnmPqaZ7dyN9ddzqzWuoxG,2026-03-06T01:00:06+00:00
UR6tMH75KSJmLoGVRQZiMdc2wpwGLj7Umi1A4brUFRmmic5fNaU5C9DBUxfRXiAJfoZpgLCfa3ayUzCtPkDbQkd,2026-03-06T01:00:06+00:00
4pjNVPr9HzXWPJKPXV13f2beZT8wgUAwFmSs9uzK5rRowitn1Wv9Q93jjTQ8USgZDL78Pihek9ZaEjpLSgveC9sg,2026-03-06T01:00:06+00:00
4GZbkBuXaExcbhv5kc5wB4FSEL15Cm5h4TXdaLdxbunFCtsQXkhthXc5UibMskQzJHUKGG25umhfK2USPPNKumEA,2026-03-06T01:00:06+00:00
5Hq7yqAvP4EA6JmZFEKG1iV4PbWGRgEeLkVErZ4vxepPNA5WHvMQoyTFCEczmkYxxWY1M1dzUD5uA886jSUYCjiF,2026-03-06T01:00:06+00:00
4mEWVWxvHZLMnQsg2wSXSBA6t1BmLNEM2kiqa8SGsRazCKoDtsxKFav7VsLPatgCydJ9GAdH3qCwj2HMKtgJ3hys,2026-03-06T01:00:06+00:00
4VFepWSSoi55is3v6qka6YpAqiBGEQA9T75RAEGk5RcQn3xb2FsRefGfYrRWyMYAGuNgvCU28kTiQLLb3WCZ5495,2026-03-06T01:00:06+00:00
33J4SUonJGjtRc8UCtEeF1s8mtssnDiRfXQ4kH5hkgwFEBd6pLpVSRRefJ3PCQW6Qrekk9Hn6ZijPhw2cYELZknz,2026-03-06T01:00:06+00:00
4fBBghHvoJDFnBNNHEL2VgKHAodv9SJnx5b9uo9GHfzR4bYeZTHE5W3qdyNHXptpzzkdBadqjMnj924wGCKKMM7V,2026-03-06T01:00:06+00:00
LnHyAxyesxhQrZ8q269E5Fg7gVA5GBjxpCY5PWpLnVYRCg9KzBseaQj8DkPmwv7U61YzYAVD2tLAo36BQSfP79s,2026-03-06T01:00:06+00:00
meNEMU8RBN3QTwrCv4j19stBZV6tuvng3HerQ7FK3o2D93BQ33X54qEDzQNfeVmS8qRk6oJ5hEvv3bEX67CUsK5,2026-03-06T01:00:06+00:00
3eE1cteoZWkyWCocoGJQdK1HQ5kHBdQdnCiTowDEKENSqUSofeJgRkfyBpFsTHHm6Rsk5S5qLP2Q6RZkPHTLNWdP,2026-03-06T01:00:06+00:00
5vDHkxbQnwRChj3jrGTARsvaTF73H6nXDAZHJnkggJapqUW5oV4bSjBS1ZcCksZQCvii48ThJAX8BCX8aH5sPggn,2026-03-06T01:00:06+00:00
TCZgj5SkJWFixfcy872r1MvgFXd7dxfzKJ7mrtMgdtbSmktoYafFGM7gewU9hwDiYvcfaneUW93nbnKMbTrrS5d,2026-03-06T01:00:06+00:00
4eY4MrQHGc4qM8SgMQ4GHutmtsgKYTqHq4fJ6TY3RDtzk2y6Y4tarnSF3ahGMjXVUvsKDoFDUVcNSG4xe2BSusUm,2026-03-06T01:00:06+00:00
VAP1D7Z5x145yX1iHhBCAvg2ZpMia6Ljb6odnxJAUn7RjmHbDDnkm7pn3iyJyTemmpp8G9YYu55q89UUN6UaRJJ,2026-03-06T01:00:06+00:00
42ZPUuAsYMoWBZHTPzASxqQ8z9E4VAZFCdSz3T75fhqMk1545xbGCakLRZSueTEWv6ZXHJPWwbsRcY7joqRQFWFh,2026-03-06T01:00:06+00:00
5JcaXo4gqycXBTWNDrLMdETqJCsdDj3vvesbUAS2EyQ9Hu5k5WPxuzfSC1gvGxmqAN9AD5rhuHZUpNmeiekMDULg,2026-03-06T01:00:06+00:00
4atEQdUQqQtN6VQNGRLcZ5Mq5qEphfoPxc2nUC3Chvm2EjLaeZiBS4GYSBC2ZWVSmDNNy99XPMS9M1u5oh5p3Vi7,2026-03-06T01:00:06+00:00
4vVH7eM84dgfydQKszhr5oKL77T22C6ra2mHWqdVvFZsi8d7STZ43mfejWoi9CD8Cf1Mn1HmCa1huqvGBpPCnfeV,2026-03-06T01:00:06+00:00
4hh1R2zsaQzSdW63txkAfupqUvLz4DLLnPDq6rkMjr3NRUwQCqZuyVcVVww7Dwceq2D9wEd8ooCUm5AvnhKwhJQF,2026-03-06T01:00:06+00:00
2kXtZoixkJCoi3ikkmMNR16hVekRxbtwWwHKU9c7CpwsjccY12hNm6cFC6KN9zu3VLwCpELHyH6mjpHEFAzbZu43,2026-03-06T01:00:06+00:00
QTbpUASr2QUycPhpVAEmYWGYGawKZ9pURcBVq9nwbtig7uwJjf5kj7hiPpu9UNjxtuvY8WEnAm3prjugzThnhuJ,2026-03-06T01:00:06+00:00
579hmVe2kKnQijXN7YuhBEts8ZwjEoohWiXQQvai5NZ1ds3kniitqrzJzVX7jBVcYAUSLSCRPDTgEWbN2PFWU8hv,2026-03-06T01:00:06+00:00
qQCcjjFhccfDqYda5VLGDwXdfgAyTq2rdbsJqK7sLUFFL5HWgFZnYDakb14AmJY4rLY6fp17Jb5Ycfj5fu2eji3,2026-03-06T01:00:06+00:00
5eEUswdCHxoadbsTuoU7Z6AHqSfU4epiCKrfmZrEH6HJhZuQW4Gcn7aCdRWo1APjMe3RhQJ5WkSAEmz82b8k9xqS,2026-03-06T01:00:06+00:00
4euGDh1eYfUdv2zJuLQQPjC6Nc9scyZVfGJu6HAco1ymyUiXcB8tw1xZPrkEXAYHdx9EmkecpmP7eiShd829ngMM,2026-03-06T01:00:06+00:00
2j5Y3DdaE5nvwjRZLA29iwfwkWQQDuEbuCLJEttPu1bWNpsqYXv4jSYNferPDqNzQy7SPZsyQdWNP5q2nVHBTwKj,2026-03-06T01:00:06+00:00
6fxLTTece9QPXyravPdihhbsWXsetKVjoqZRv2yQaGtvkXZys1RZxSXC41hJRK5dpX1HAvqnQf1pU5WeA48xFe7,2026-03-06T01:00:06+00:00
5hNiWvdkw8yyRNjis5TGb8sjyDUDNMeDxS3VxEr5Y4aLCUJGNWFn1Q9QzJGFMoUGhiXGgbdS1gJN8oCtuiqAoSxG,2026-03-06T01:00:06+00:00
2ecNm5rwR1Wi2TLqdtCvYMjwc5Ju6A8bULwz75J8b8fgMHv6rykrWKE2empBDx3T3SBHvLxabWREWPCiddnxr2Ct,2026-03-06T01:00:06+00:00
fovgk1zwztVsM8PAkz4RLfvQz4Pion4qxzG9RTDWCJ3wQvBqCfdvmp6C7P6cGQjbaPqdnGifRfj4mibh47skmeS,2026-03-06T01:00:06+00:00
ZWmXVZtwjpFjt6FKJMNwLXY5gnQ2jtLPA6k64nCHDUujUQWhQegbeCRprUnWd4rDvjxW31fuNLpYePaAtnVKQXB,2026-03-06T01:00:06+00:00
5PVi54u3wJU6mqJhYz7WJCmFwbHhNLHZacUjA7wy47zjJrQrjHaorgzmetB1YkGpUmwD4NNNZvrAJcPakXZMExgs,2026-03-06T01:00:06+00:00
aKZmXtCVRtjn5WGjPxYwf7GxRXcBoAcARVTNhpujmmnPHk2TUMAEWBPgdwTWSTBzWJwa73DxpCq7mhqo4oHWhwd,2026-03-06T01:00:06+00:00
5w1MiqDvzBMTmDttpsKJKusfZwipNJ1eJMxvhm2SSthtc2vH9YVgT26G1LfScAiqqMKSiw9cehHPsevBvneKD867,2026-03-06T01:00:06+00:00
3SmvqWYQVrpiA6bq1RZbfbgq6BqGqxHcoTCPdqTkfcCjXkfaERvCnfnMz6EScZeaoHvT5hYivDXtCqCeHU7Xq4pT,2026-03-06T01:00:06+00:00
4qzVMxmRXMWmysiNfCtW5BTqBq586UAuXCx6gySA3fYoPvYThoauTqDrxXTovbsRJ5EHBsXCrBVSr3gFpya5c3br,2026-03-06T01:00:06+00:00
4FJdvYRi9fxGTAtKSp19rPWDEwq8MXCDgjg9r9t2puFMaac9nTRwJf6MAmbkXhenwYK3nDdXWQqzqx23wRWmdqk4,2026-03-06T01:00:06+00:00
5TLbC9uvfrxWfmCpT6GBVLKMnD43FMeWksH4geBQ5WGXRf8fw6sh7xM9NQMqV5MB5oBWbXb6ZGM4vMaHcAX9GcbG,2026-03-06T01:00:06+00:00
3uithKsuzGakxLREEUjV8cwacorUKcxiLTbQ8ddLqZxmJdP2Gg5rEwigqpJMvntAKyDC2Bqn1Qon4VtS69Mzdy5L,2026-03-06T01:00:06+00:00
2yHKTBkZEVwUQDz5Kiqhg5CW6vAmfSNrzbb7ankb2vsUHJL7irbVZ8mJv2JyA3JybJnER9Vdt8J4Fjv28UqnVP7a,2026-03-06T01:00:06+00:00
2gLut4TBLQNAWZ9c7rn31iee8zSLWEzQJAhF17wang4T2AAXsu3sLbVaqDmxUVj84n1mkKWKaDmW3ZtBPwDQhyGN,2026-03-06T01:00:06+00:00
5jsEW3agjeeo8mDF5rMiuN9uiRVLXUfpmEHpJpMPJ6E5PHPgjXF4invrQXzPSJZbFQZdXwZ21CDWKCHJtShhBV2N,2026-03-06T01:00:06+00:00
5RF7L3pKayYCpwrjApUMESdqJxULzDcH63WZKKkFhKfAKxja3RrR3Z2Z3JBgC2Hbb3pqoqiXDj8TmUdthSr3gDYx,2026-03-06T01:00:06+00:00
2Pby9uqtdDrKtmdxEPgPnbo34kgN8LNh1oupbRtiTUd3pupGjykChMQg2cbUf7Cxzya6vhBJ24yzhQQfe8gS3UCx,2026-03-06T01:00:06+00:00
35txBA49Z7xvEpvBQUXMaEZBRUo7SnRZYaL4nX8Ptv2zAqcuygbvnqkT5MBdEjuJ5QN1hxYe2kaBdQeg6YA4qb3w,2026-03-06T01:00:06+00:00
5d1HgKridfxX9XH4os5MAmiSHX9er4skqqXpk3r1p6bukGgLqVthQGoJnVJdRNfsqjScgrgfD3H1czijyJGHctSV,2026-03-06T01:00:06+00:00
5VoQAq9Fhh14HuJdxgktUQ4PtxYhH87Whuji5r52PkFiT4s39tHH22ep2kDKijGihqAxSGJP4pTTCszun77pVZC2,2026-03-06T01:00:06+00:00
4QJEaHK4faMiiKtbvi5WihusijAThig9fpwT1dwnSobjxsuUcMwjFeLwZMXxwrAh6zyvma3wA5mvj4tV6K7W9Xgo,2026-03-06T01:00:06+00:00
5XxNPDS7LUjb2628JoRgkwCid7t8kX5rkWeUSnXNsW1sMUDJEiugnmmjpZ1Nd4y3nbUhGxVKFJJQA93ZgzJTNy4j,2026-03-06T01:00:06+00:00
Xrz6xjnPXkxyLJtJMzT7WKkUdPXcxbt3MUxW9KQkGeLqAk2CvufpGkqLavwMfxiCbMSQHHfLk3vjZkiHK2JRCxT,2026-03-06T01:00:06+00:00
5AQv1r53jGYXaRZwkQ8pvEPnAaJGDKhBmiqyGdjXTPVrqarycCKmYS1bsnwDwSghPgFodEiMKewybCd4anFyWipL,2026-03-06T01:00:06+00:00
55PEAAocPn7xn268m3iGiFb9FeJ8byri9wBjZYyGE3wAdvdXqwJ4C3BVtZFkxoH32LgkefJvhs5vqWXHWmFrpv9S,2026-03-06T01:00:06+00:00
36HWHKvzHgiBL6qzYWwF1PMtXbgvMqwzg9bsZ3Jo9tK3LXLMXi6fBBaWKqCkrycw3mtkFLMRbQakQj396FTJjJk3,2026-03-06T01:00:06+00:00
3Q3TG8feUnCQn7rioYYafete3VUQzt9pefZazxJRHrbysxea9aehyC737BGx5Xb2qirR5EXXouCtLJKEGGakXdjx,2026-03-06T01:00:06+00:00
3mGQJkTN2jTUpG7PXYQbVe1xVtyrFCxnL1rmwxxnVs1wdPamY2dNDS25p9VtxbnZ8c1Cm4xwGR6AtJ7PXcohPFxr,2026-03-06T01:00:06+00:00
3twZ5h2NAsvw32uRNmggkJGvpuPC63t6qfnZNDAfZeCCe7mzVRgEg7dcwisX6zqigKRBFSiYCchUgz8SGJLFP6Qt,2026-03-06T01:00:06+00:00
2cwNFTmYCs3R6aL7ebpCneYDWP4AN1zJZEYVeg3V1xQCKjbceU8HWKfpvqu1xHLz7WYccHVzRBoJbygrhoTA9joj,2026-03-06T01:00:06+00:00
GvRra8iQV7tJJCz3Ueipa4VshY6ha61cp6MFudnGFo7PEAsHEgTgKnDK1Nmwdp966SdmbFM6U78LsAN4YvSpvrp,2026-03-06T01:00:06+00:00
4SS3B7YBL8xrGNgjvmWmfzjymEGuwNvtM8XvrDHFfPx6ieKijdYuwtxAA9Z8CzHBc4ngQKm8pR2bVzVc5Nfv3CNQ,2026-03-06T01:00:06+00:00
2CZzcjhekM29wVNsDCg4SDhaH7vz8D5bFVFeTAdJMrqKakkgWh6ti4Sx6B5WXMboX5FjirYqzLEJqV7EtSmF87Np,2026-03-06T01:00:06+00:00
3FLzg4EMmc31Ya5RDdwVjtirELaeUsMRfGQgXXGkhqxPPSybYgPW6wWJHt5kDMgvreD8t9y1hXrgfaCeumRqcpm4,2026-03-06T01:00:06+00:00
3W15uHZZ83eqbKAgi7BA5brVDNxsNGb8bHK5kWxiFoLMkgSyvfg4tGQ9wbp8866TCUaTKBpxmyrK5Eup9ffrmCi5,2026-03-06T01:00:06+00:00
5kSKwhEHWZ5HHbehdhWLEdoZj6uHCgLgHuT9Uba1U6dcPHJnb7GtwkY8XHjUSvHf7xNTi2pYnpK3w5YzQTSpzXFq,2026-03-06T01:00:06+00:00
2vGj8saggQmPS63azxft5LTnA9idPrCb2rHoeLurJWHVgUDSE8eTAuov6t83ZA14y1ZF2uxuzieUmUoaUU64e8at,2026-03-06T01:00:06+00:00
38kzwS9z7JCwwBSCYnFj8rJVLZQGayAHYDitwTJrZkXPnugX7aYM3ar7SLYZBxPgBNgeteaowpnhSE2Wb3T1wnso,2026-03-06T01:00:06+00:00
2iH3HPRKLZVf7znEAF8DjkVsYG8EoVUNcWN29K1viETXqU5TWfRyTJXzdLZSazCWiTwXWXZduVyF5vpa7aWdZExX,2026-03-06T01:00:06+00:00
epB9ULksMUVCX4EtP5ZUJm9uHMybTSsfbcA9ntu3HHzF3tvfmdhQMBEZu8n5DNGCqDBwPZXYViuJGa4yxFx9hYt,2026-03-06T01:00:06+00:00
ZW6J3Nc9vk3NWVR3RJ7NeNw3Xnun8FqGXSCdXLFJhfS2DP9rtFzQH3BMZQvbgk2BoQq7kmrFjq4EkshCgvDWemu,2026-03-06T01:00:06+00:00
4Zp9ADiakSaYBiHWQtPN2HvXQpmjTDfK21xQ37ooZckE7jPySCcf57k7gDTihE3V1thdqDzGuQF7wCJkypEASAsK,2026-03-06T01:00:06+00:00
4CDXAFvM99Ns7QYdEaL5kwrt7LPofo2fp5ZrXfLQ2FSPYFUMHYDRHzmQyyuFcDwgdZDp7Po38rVSJwqf8fD1sfZf,2026-03-06T01:00:06+00:00
2U63NLscdDyWMmHAG1CfqMoNapJgK4TeNpAn7rYRhMzubFP2gJUFRoEQwM5vvoBns7jbQGV7cGQSaL7kRXXU4qkZ,2026-03-06T01:00:06+00:00
pSwLXJyQ7wCYhDkcfc6oKvEAPRf6j2Dvusufqsu3AmX3WtnM78Brf3uvWgSPEEhdKmoPa86atzFfHajwvAWWimS,2026-03-06T01:00:06+00:00
3C5XpPRBjUHUf5DTHFuBJ9oq44AqQ9tTfRdqzFtw8HzFXwYFxeVqNFAEQikKp4KJBnvQJRhs4P6KmCDrXpfo6WDE,2026-03-06T01:00:06+00:00
3MUR3B3k28BoyAkdgiyHSn2u2yYetEEQVAqpSKrW84i9mr1irYoa12tFkcYfYcjGTFzUJZ5eo2wJ6Sx6ndmyLomS,2026-03-06T01:00:06+00:00
5Kd2jmmYLxrVB469jT8mdFNwspzCv9Bk81jwBaJzpgvaVy8FZr13SYL5cnSStUkcmUgLsiTovFoj5nT6pUaU3X59,2026-03-06T01:00:06+00:00
oXzeYe6Wtp6gRSXhfcy2kDWu292NyczzCe78Y7LFxfAqTBYVK1FstwZ58ZV4we5WMjnLhBiMzJvpLUYENWLgoe5,2026-03-06T01:00:06+00:00
SNF9ZS7ayeFNoeSrNt7k4S5BmM43foE798sLk4Xj2Kout4qJXpVc41u3xvGBse2xsZDtFeKkCaNYUHcLjLy3csL,2026-03-06T01:00:06+00:00
5JewWcbZXQhU94y8LMGAVNzNvH5YQvB1PUtse2PYuHV6JT9Crsctv2rzTu8EwzyDNKXPwtTDSdAbrDXs2yZXJGNZ,2026-03-06T01:00:06+00:00
3yn7RV4Cf5oCRdDsJtphvTHsqMXmqBQw59eUx2x4hpPVaPFRQVP9dZxzoVDBp6rC5Z7FXgLbcoJdyeGCqq4njEJX,2026-03-06T01:00:06+00:00
4Zi8CyCYDjdWyKWGkRJK1CkfTerU4FWse1Xi9bunjJMTaJxVDYaNwycMkiDjcJaq7qZ55nD8wqi925Gm2LfwEYhx,2026-03-06T01:00:06+00:00
4ngbLfA1FrMvQtQditYdaQyYejZ6vFkz7Erzv5PABCRdNd9mBVm6jKvx5VnccsJQpL3VmpkVoXQca4fk465rj8rH,2026-03-06T01:00:06+00:00
2Qfj7uvB5LtdkimwYJAVLx55447MB9BggfLbHBEtkdSoYgnhTzqeQ298Eph4f94D2FuzbNUMzS3QXBFfUiseEwmV,2026-03-06T01:00:06+00:00
2JC3mYKdhxaN1uEtWCYePv9VMFwA6BQhELLeJALmbjuXceQ97DQ5CG2eyiwvL7SakkvahhWfhyccdenBemRpFD4C,2026-03-06T01:00:06+00:00
66WxWEYT1qFAHdfVEdGEvU3WW3nQf23EH7PYu8SpJcmRyXK2dHraSKpkLNaEHrUtaLJFgva9fMkFB8BgepAoXfAz,2026-03-06T01:00:06+00:00
3q6arppv2DeHp2yS7H3vrXkuVa9YCKTMEpXQhS4ABY2C3yAY9qvy9NaR62vBNypgGfUqkwHzBJf6KTjvsJsZdkXN,2026-03-06T01:00:06+00:00
4mbZ9Y9L819Pv2FZmuJzErBbv1e6BCqVF92Hr3NmMW7UkezErjfMmNwRiB3nMCK2EyXvY5pYLhKSxbpqLksBmoCB,2026-03-06T01:00:06+00:00
14yvJF3aSPAvJxCu3hvcXbPzmeEHgw5whJjkH3RcKxQsZ67EstWNMUtrTHxRiK3K7qCPH3xQnNrynSd3a9vj1q2,2026-03-06T01:00:06+00:00
5RGFMFFXKYLPG2r9AUEWueAR5gaKGkUfzhRz4qQtr1eJEXyCTW4MB9YSH2aDFzWK3Cg6hHQHPmCobiUnJQHX8McE,2026-03-06T01:00:06+00:00
599KK3uLPx63vVV6iuTeaNrfaF3qfTCeKYkoeTUBHy8ZhTEavFMiSouASFa2UCJ4YDym8pyiw9XYrJqPbp2LRgUP,2026-03-06T01:00:06+00:00
5BY5mrNoUWVax2DBeCRNA1rY6TbkHLAyLJXqwMMJfcfrjByghHQCTG4b57DBAFHaSTdvQtqDmbjXSVzFgBSkwWKV,2026-03-06T01:00:06+00:00
3RwwwQiAVoyMnXyZZcDkrrr5Em4MreTDrMj1AqjfdiNSuY59WumBus3awawaw91xy5Lou78VRZ3228zuB4ESujsw,2026-03-06T01:00:06+00:00
4JUbfGg5T8qbX8xArd1YuErWJYApzacRqHVc7C4rKXmPsNzFG8HzsoSq5PXaYumSEgd3VkohpV3tr3yRjhe8Xw1h,2026-03-06T01:00:06+00:00
2ScFUwWdm9f94fktHnL8FbGfWPjskbsczwt6kiqRmM92Y44XRchaDhLnD1FDVFu2zdyJeDxx9vWxE38KWtasxvTV,2026-03-06T01:00:06+00:00
3GbFsnvfjGtcVg7Yf8LqGSHySxCaENqmmKDQS2QLbbAc2Zuz1Zi3GXiDC9x4cdGGbmrX51oUtK7VDzGGmHJmNKkS,2026-03-06T01:00:06+00:00
2oHf6PTd4p1bP6Wb5FasPZmrjgPCmQQhkc572vMRiaYjSXrHSdFC3RtBDT4jP5M1CiyitoXZYqG6WcDHwqENk7Y5,2026-03-06T01:00:06+00:00
2fKdh9apvmFgRKKhFJWvsZh7cRLB3FwWJGJxg9UxoEHQH5hcpAoGQkKFEzY8Bic9AxV4He7N4TKTPb8GPiGFmghS,2026-03-06T01:00:06+00:00
2z5pZ14iNqwS73EYC7u9kRmxM6ASEvr9Vj3F9C8FT3kmUSZPfVtu3fQhRoFuofRQAPa81twBrnbam6uGaTjjA7Dq,2026-03-06T01:00:06+00:00
3hvboEmtwvWxUE9L2PYr932zwHdsjTyvG3QthuWksEtH1s66bFqpdV4pZ3ijDm2ec7z3eDiFH1eyfByLiRJfjyhE,2026-03-06T01:00:06+00:00
2r79hL2dG9nge1EGxzbhGRbcke2bTDkChxpACCvsu52GxzsmDatv8WqwaP7nQghs1Wrczvi5vNjdEzPpCp1JqTj7,2026-03-06T01:00:06+00:00
3tdAZXyHxqK4s2p767czo8ieajTwevubMEJKVJ2THM5XT6frqeiiRxQrtcT2TzTF9xa7F3MQEJXfhyVUw4DE9fQf,2026-03-06T01:00:06+00:00
5XTHxMzsZLC7Spy8nRVRhXctMXZmP27muD1Qec6nGmJMDe7UMuuLVocLHDsku58Bsbvza2oi7VBm4nMt9FhxkL46,2026-03-06T01:00:06+00:00
4qk8GjfHBVhnmSXnPgB8joX5k4jjCeqC5PpFJt3w6WsbFqhvo88tTC2Uf4UKcb3jXg6spTbBYhAUJVxg2L9HWBye,2026-03-06T01:00:06+00:00
4gSKDhmEFn77wZDZPPBbirc6EPdt6eUMuvDuyFg1BJAwe9gjD5ZTYtYQzu36McupHqYkz6Dh5RmRqHT8VGsyuMMC,2026-03-06T01:00:06+00:00
g85TweJTFswQGtfZA8MhLfnnKfM5ajNrCSpdjDrMJ6pgsudr7i2PLPnajzDa9p9sq7aLmMkkonfbi8bEZrtdYk6,2026-03-06T01:00:06+00:00
zQYH8kWVtzyfhvHzTXF9tATHXutXi4i5BgAe73JmzLTpo2YPmwdnC6yq19ZyKKcyf6Fj469DowMQ1HHMwn2UdvE,2026-03-06T01:00:06+00:00
f53K5m5sVMaksYzJSaL67i3Xm5EBoX2RnxMb8xdiuyrxxqv6WGtCtz6FtzhNbYv3SrqZ3q6Ly7AgjSv7jEZVSsx,2026-03-06T01:00:06+00:00
2KTwGVbdn8ssrJrnZJyZSMEHaC562vxqxLcArqDhtgc3u4eYmqweoG4LcbfDT6iZe6tKM9PahapTbz6VRLqSfYeF,2026-03-06T01:00:06+00:00
Uzd8y3MKzyp5tHZmt9u5iCMWuSVpJAN9jxjzJ9poAx6aTSfEWMyxoH16vqf12CoWyZZLKSSLm2zRRmWYnUGFhS2,2026-03-06T01:00:06+00:00
2Kdi12i2vkJBzqGpHbu7iGrcfLftubmLJKVukgte1RXgXJQNES7xV5CxBHfCPiNsitkfXs4qgYKTR2BnZ4yEuCfx,2026-03-06T01:00:06+00:00
vpBtSHXpykcNPBL26M91GamaZMKm1fcp9LuQMQiseRerDQWJvWWjqvBjh24jedMJGPHx14ef6ouXk1GtdYnhdmK,2026-03-06T01:00:06+00:00
368WVDFk7RUZ6FRnYT66GhPXfC3zKi7WWQ4jhwYy8dPc8n1g9G8mxDEFRc4EXMKxVFJoqbtVendbDWPfD87TUwn,2026-03-06T01:00:06+00:00
3DTTqhPKLEfGnxEkCZP9s9YfJtxWW19HjPSmJG1WWaomjDbJrSEigQrCL9cZVsxQ23dkyppMsz55j65CcmjkwJ4N,2026-03-06T01:00:06+00:00
6GWvvAMCEKBVURM6NhBurfxU9YFEMCmuYPXuQtL81UT772UgmMhzstm1NgWFbeFtaWvKayRaxMgHARNuKjmw3NK,2026-03-06T01:00:06+00:00
dfBacNBxdGZuJ9zrCfKEby1fWLegF6DP6eLuriUW9nPDuh4YP37vpe6fWieU1zX7YsJYymQNcjssYBx2ApCjjN1,2026-03-06T01:00:06+00:00
4onmRrQ9ZPr1G7AWfN1fYtwCDDSCDLztiMEUS5KNrK9s1TNqjNLZNMWNV21766FRrDiMn8RviFtfMAKbagnMno9J,2026-03-06T01:00:06+00:00
37fs1KAwKBfpyiTMars4s6uv2YdrZ3cx8jKoPdFG5YKekiv66PrsD1bXxEojb6k2y51ZuhXMJdKd6EVLosDdCxQU,2026-03-06T01:00:06+00:00
4ipZy2aRVjaD4iPqAj3QXCEk15ofsz8aAbtR6vsxeGshvaPDKHJedhECfNPSdZC4FpAnMdUUgJLmgueHn1H9MvLm,2026-03-06T01:00:06+00:00
49KjS78mXVUMPSoxB2D7pitrhJHJaWQrF3SDhsX2MSWosJEziiVraATscvH3SGQ9C8RcnUTxtspr3uiJVcSL4j1V,2026-03-06T01:00:06+00:00
3GYXTTYcCrfxyqkDGrkQrnrP5KMEPymCvBGhdYXPDxvZn9WTeLM1WSARiY5rykzk4CDK58K6DjYcACLSKaUvX3jY,2026-03-06T01:00:06+00:00
5KPmQRLrCG6K3KMCYByg7RaWrEAkgTERybHgrNMVGmMML4yoWsNRYf4WPw3harzNvhrgDZ75kLTR4zrWR1EU3Jj5,2026-03-06T01:00:06+00:00
43RMvkmXDw8hJToiitpSeurne2f6dW68Ftpwk8Ndt7kdFL7aJ1JKGDAqmwiXGB3sKVJSnhd7ppQD7JjL5awijt8f,2026-03-06T01:00:06+00:00
VH93sSVPu6LACA2551F9teFjJL6FhHy3qmyaryr6F7L2oBjV9pBf4GPm4G91ECYraRfT64mSddCpdW5w49cgZeV,2026-03-06T01:00:06+00:00
4BocdzsaW53rvtsVe6vviyv9WzAByNvxg6DBZenikFn7whAJp8QrUjiSzXkxbR7e8auFp5rZ6tdEUJbqB3a9kS1p,2026-03-06T01:00:06+00:00
5BVUAAEk3XuiQ2u588qUGXG6jSk4xSruxoruJ67hYYFvehKkFJiCiuh3R2r3qmgFtQEwYn9xCsa42F8ssX9FNKXF,2026-03-06T01:00:06+00:00
46gMUZu6ub8HCn4BB1kjUTkwFpG92XMsNvLWJvcw8bcTgkQfb7g42iyaL9tgxmxfhB9EGECUberhiSurFkgPt9wu,2026-03-06T01:00:06+00:00
45RatUumM3t2EZfpcc88bnB6ur9R7z1A5KArSy86Pz5UeLnQXXqF7DWEdWYxJ5LP3T2qTSWJEKC33G2i5fvfsCfP,2026-03-06T01:00:06+00:00
AvzWLJ6AYDvQmQZiE2PjxRdku3TS9DRtwGuCvD3HLQtPMXFAVGPqQKi8k18PhZ1VrrSbYr3ihvs96o1SAvivdZ7,2026-03-06T01:00:06+00:00
4VTV4vy6s36rSXxheST2eJM4mKRmDWEeT1CgR2Xf5xjtegyT349nFU8x1STSE1N8jVq9VbobuCLtrxMG2k8tKDCx,2026-03-06T01:00:06+00:00
xYL44hB2sDngbcpkjLhpcGGCba2cvYrn3sQxAn5afiMwrGLhS9MJifewjhHr8qiBYuUPM1CwokL3RuFmBfwV48B,2026-03-06T01:00:06+00:00
34LSsxu17uSJoz7H68kw7FJJDuwimimm27U6g4z2Ejp1dmN4qJDfaJdJmdeaR7PY2B5svzTgDK7vNhiG12o4MigP,2026-03-06T01:00:06+00:00
44xwrGs3w3SKWWuUri7tiraDL2J3MXtf91zurfMv9ARqZHcaFYwiv2gNwyKcd6JwLNNvticWtDqiWL73QaaS7haJ,2026-03-06T01:00:06+00:00
2aVFWXZTP6RbDRuCt4uvsMUm3zfzyyiH7Wm4pSyRQqoaHJNJQ1kGVTUvugB5Lv9LZB9J2sYT7zpxHj8WeYoNVfuv,2026-03-06T01:00:06+00:00
3v3N2g3SQKJYESNUa126MiiNy43DaWuQdhLHqkyAYWXK68vU6WtCrVykGUdwUgRUjZCv2gnzZqwgU6GAeZs2vDdL,2026-03-06T01:00:06+00:00
4iYdwUS2JEFni2JGP7NhyF4gkqVXYdVkH34AaW1aRooD5eGi5sRdFDzokGRV2fztW6yJHgH1esRgCjCgZ1Gz8Uvk,2026-03-06T01:00:06+00:00
4CHJFdF5iHYPNN1Xw1cRrx8cFFtvYaEiuPkoLpDJZfof53qPcw3dZ9ft9pN5PyqRgxCTaWZ5FbxPGLdMWJR4DFFG,2026-03-06T01:00:06+00:00
3Wzwkeion1TSFDPZvKCM64TTU7vaAWvswtwXDTY9LHdAc623YUmKYCEiaNottemufx14XCb8WFHrfFesLWc37drs,2026-03-06T01:00:06+00:00
3KcDsfdRMnFRxe31WVJW1bhb85ryxqXiSNMM9AiefmRSfA5o334kDyy7PvJAFiFAoBnyAhGkL4uDQhBTxFHywMdc,2026-03-06T01:00:06+00:00
2TQoY7Tn1r5GHg6LDyz6VaxDqSPoNKM4uZ5yWJsKzF1EGXZouGKxiHxMXYum3vTLMXDEPky88cRoqNdMCxsNzYqQ,2026-03-06T01:00:06+00:00
5EVWzZNjBqu3M5v9PcUY3uT7aVtFmBB416sCyQsxDxiyhnpjsH8qWMHM3aLoz9gKYVmL7GSreKnhL1SKYV73g9Zu,2026-03-06T01:00:06+00:00
nycZhKcrU4GdFiEikB7BJ1E1Nx4NAnoUyjxXcAmP2LsYj8bpg12Q1AEea6w4zvkUFLZS5x1tKjQWVbuibY4ZurJ,2026-03-06T01:00:06+00:00
4fa12VeYsALQm6WZ3GcxBDi8e47eR2nSLzh9uzVXVEN1jbe9KzemTUFDmzXmRySjgd5CBbcopA6J65j6RP7xyJW,2026-03-06T01:00:06+00:00
43HVNFAVtNKDeoMgzYP9ZUQqHQuXAUqBrF21PuE3DshdQc3rKNvH1matRzTXFarwnJ3uBg9V3FpbXMPhuVZcYXND,2026-03-06T01:00:06+00:00
46sYmJeXewHrGiTmeSie9gmHBEnRjbE7GB2hRp9NTD7cKTM3Q6CXM2UQeZ9C5ZaUpAjExLyeQR3pD7uNjs4YQBWd,2026-03-06T01:00:06+00:00
5j4P47TxJLPuR1HuB9BNfDyWaE24TV9eE82EDK6H9UCjfQDg4GFSait8H4oHUxLSpv3bmLjfzAa1CyoLqYC21jnx,2026-03-06T01:00:06+00:00
2uFibhxRgEvdBArdZtEK1FYGkGg4jjgw8iGRcipbGGG8M22wMiDEtjJfV613VGX2s9sDgjoYBZLtxoF74S6guUpg,2026-03-06T01:00:06+00:00
3yjfnXhMFhVnUvgd6UoWy33Sra2d4DsVAEdrLF4NfKVpACHJh7D7w7KiRbmQA3MSmRqWPeAaoq9RB1VYEVsMjS9Z,2026-03-06T01:00:06+00:00
YSDVbwp6Rkk1Ls3qdMU6Nu1GAJwFSreKUspjPCaunUVwbp3aQzdkez85UQo29Y9CmVX6uSaYCjZdfPsBPjisu3h,2026-03-06T01:00:06+00:00
5BmrGQRV5viVin1ZMzy1im2AxqbkRgDp6mQLEiaDfCS4noPaonoDfdSyi9kPiEgySYxwk2JM9WF4iAGZNHhg8AMx,2026-03-06T01:00:06+00:00
4RrMq7nGvFLkHkw33JYaNJHGFtncADgKLN7esQ7szX4iRkujqAbPM2QY4UGzaeAgwCa5UisuBcUgyJyMKyaXCR7H,2026-03-06T01:00:06+00:00
WaE4xcpafvziXXdJFwVh8deCHXJ2DSqSBHdgBsrj5KzPbKk9HzWCkyX2ZqCPTh3JEkaV2sk5Pvg3JwXq7xWJ7Ss,2026-03-06T01:00:06+00:00
2pEDdmRAbR5nNjwkaQM4oc5tjxaW7Eidzy9HpbNV9kUv679JncuMdjkwZhgqUKYf45ozbX9BZcu4BdeXZ8oFSgYz,2026-03-06T01:00:06+00:00
35strzXSEYcZ9Cbo3n1yY46sHXmyL7mivczDvvo6FubMYNT7hU6QQzApsrM79fnBvL7mt2qvN6FTEjhxgtSPrs5v,2026-03-06T01:00:06+00:00
4ocpPMGpCsufkbPun61sFt5jKyqBHSMLFxFTSKECBm44phpVteHodBg3qMf5w44d6wbz14yiT9F14GLexzPw1LLp,2026-03-06T01:00:06+00:00
5one3pLULNRU1Gfy2pDUbfFykZadBwe6gW4xnhrPN6NtMfLVNXM9jWE1ny5xxAjiykyU3qZQUuj31tNQZmSAFzWL,2026-03-06T01:00:06+00:00
3bQSrNx5aZPEaXUykxLMvJyc55sP8ASrYXUStiA2JizcZhT7WTpkF1sUn8Cg8ANThqdTXyebKGwNTjDHMvXY2osa,2026-03-06T01:00:06+00:00
5wC3h8ojZHPzJmS4dfsDJReuB8RhFyAUf4ZbmWR87RXudGzLE3YXARD3JheCUxwuiy3HYcpS8WQBgw11gpyPrbqK,2026-03-06T01:00:06+00:00
k9NgbkoXfnFTfngRpMmpG1FS81dUY3HocZxdjdADngsFZx1XcYezNTpZVmMZ95mVapGXvMhRgUcUne2h94duzk9,2026-03-06T01:00:06+00:00
3fWhtNvdQpDxVDFtJ3VfbJF4b9A4xWmfMh9vBw3QyxaRb8tGP8YuwcsBWq2RkV6cCji3Pm5yFwQNohoKuahwQuxG,2026-03-06T01:00:06+00:00
4ZV3hgg9UHRXwJ33kSYCTJUUxNtWcf8sGyGh9jAVsPsDfNCCzUk57tqGLyEUGLBuPYVb88LRD3rvPRiZxWQ9VJf4,2026-03-06T01:00:06+00:00
ACfofhx5WHjaHzFR2egcXq3Y7AtERUg18ZPpyR5FtUYRH2F66ckuJYfoaunooRUhcjNoW4yCcn8yXUSFnxnCAWB,2026-03-06T01:00:06+00:00
2CdMSw8qtEwZcigJ61mgYRUQKVS7mV9zZzn2uqYJGzekTgnn5coLuC7oKRAo8XYumBNirUiDyKUEbxN2QcwWM1YR,2026-03-06T01:00:06+00:00
3mx9VsREh6D1Adak91DMUytt5ca8Bzr7vAgNQ8n8d46dnirv3qYCHYdibBSu9x6H1Qg59moR29vaa5CC2CmbDeA5,2026-03-06T01:00:06+00:00
2428qMfdunM3LvCdeqVQPVm5b7GTG8o9DwCS3SrbM8YDygYegWCkUQ9UiFVLfLrYQp1BNjWLw2L2zF9YMmBbv35s,2026-03-06T01:00:06+00:00
28motaPNQszuCCF2hgvyuvMWSUamcuJ1JY7m68VWb735woJXChkXXK5bnuWXpdGzhahxyF1nXk1eVvwqtyr8YK5v,2026-03-06T01:00:06+00:00
4j9w7e6eNvAjFMW8PVEp9yoDcvgfNU3sZPaQosVDxS9iKcDTpWtsk4sjeTVyrpgX2cnnw31M3vwdCaR7nQJGSFdj,2026-03-06T01:00:06+00:00
57gtEW9oYziGSyLyC2PsJnVb9GryL7d9866Ya6TM42wK651tVWe1FXddqYLwrFn5NUjD2g5KYgiqjBTQcrPsF2PY,2026-03-06T01:00:06+00:00
4NbYWKZYBDNTDuzdwngM4xaoM8uVzKNEuYgnbkmZ7ztkaPzyoidD1MSeDQcGTtJiWHdmtw1nirsmexk5CYnAKznJ,2026-03-06T01:00:06+00:00
3VJgu2mkdYkF6SQvtCJHaXzuTPqJt33npKtFB4cAZPmWiCoJWEx5mvxjTwhuE1S61uY2qRqqX39XKnoRhxdRkMbH,2026-03-06T01:00:06+00:00
2sQSA3X57RueDg3K9vEvzwtNrBpZJQont39vzJfhSsN7FhKaxQ5Cqqt5soA8awortaV3WVoReicV3kbAZaTsX4dg,2026-03-06T01:00:06+00:00
238kmNwXTDGctAa8EeLDPqu4va88oEntEwxfu1w7BjddSV8Eq8KLXX6Vk7o7hKiTNnC4WfyiLgbnzhExq9tApFFU,2026-03-06T01:00:06+00:00
2CEDuLyLfkbf34MxF7DHyFNzDDuzZtPQ6vK3qNrFfWRYspufmq1p5bPELcocm5gdcZDzxw9W3xNqfMs9Gz1yytkc,2026-03-06T01:00:06+00:00
2DsCK3oxHN2f25fTqV84RnDRwA5Bxby434Vs8MwNUzTPHgdZ9czPQrta4P5fqMqPcgCSbjvT5sjrWu8hayeVVqRJ,2026-03-06T01:00:06+00:00
2YfU4zUB6qEbYZ6itLFhpXPjCA51RuBQwLtHaWs4MdYXA57MSbMaMnG2hquq9geuu3dVYPN8pdHGZooGEDrZtL6i,2026-03-06T01:00:06+00:00
2xCFTmaKTavFkE1j5d5v19Msy4gEeD8A1cKiJxBvLWhVxu9WzmYrSoTZKBi2zap3ByFRCK5YNf39wb7cxneAquHb,2026-03-06T01:00:06+00:00
L2byKmiaSPGjoYA1B22nhCd2gMV4yZWFi87HCQicK1LvkifZr2EP2dtZPitxX7LAMM6jasUUAEfDmN8th8U2xaN,2026-03-06T01:00:06+00:00
3Eop1giaKF91wz7mALr1b12GFrp8yFMfeAhC5KUgobid6FghLdtQBSEpref7VVfsArSLGpHx63mTY69uS9gpWmVg,2026-03-06T01:00:06+00:00
3xhTcgLTqYMWwtd2H9x1TaSSXc65EfcTSKsYZLfphGATJ2GY4McDMqvJgJhttCTGWxeLbWWeig7ycg4iTQeRyckx,2026-03-06T01:00:06+00:00
nEGamMdCjnomPBv8uwHs7sNBW6uu5mR2PkoKxKkDHZyTq4BBhLWuoQ2q9UG1TWMKDks8cwKjcYHCFMbGc8YJ1NG,2026-03-06T01:00:06+00:00
2MN6Ucsx4FHefyqsUWrbJAfJN6uHXyNFParjBLRq8kaTb9z3z2o8utAH2wAyqBi6Kp7EcVCLcpTm2CXmjnYMQxbg,2026-03-06T01:00:06+00:00
4usDuyEQpgFpp4jsAi5gy5jDkV2hUD41PwjuRzjc4QoyGqF5FyvM8aLrg3Rp4js7dk9fJfTetuFGawJiWz4mN49j,2026-03-06T01:00:06+00:00
3SE8uky68vCFH2CZ34de3GWbLnYefgYoAxmWesHB9JeSVBYD9ULQxbWq6Bp4DepKEMFUWMkKbBph3mAZQsP1CCqi,2026-03-06T01:00:06+00:00
25aiA9M8vN3fJ23AKNyGZdMi5z8LnH4j4T2jmkHUEUFJn4xgniNnoaxGsz2DYjSH4fSc6PtQceFi5ZTFRb5mtCSa,2026-03-06T01:00:06+00:00
5RmAqXGJ72C1MC1xWZrJv1oBMSUCcdCuaP8GWtcqdhM1WJMhk91FiswBzSh6jtXToKKgEsVmqQz6onneW1gVcTdY,2026-03-06T01:00:06+00:00
2iy8zuihfSjUrE6YKowaKDdU8xQ2fXYd6LUozpGoVTd69f2ACJAEDpbPrEtCG6p2p7PnPzryzSHLnMsMA2oXEytt,2026-03-06T01:00:06+00:00
3CA5oVavXv2EJ9zaUaNmGqooenTTh8LK4GBHws89ed5sVyyLHg2Skpo397EQvtVvu6F7LRN8nWDttefCMUZBdv3S,2026-03-06T01:00:06+00:00
5dQKr4Hgv6q8qWGoQ5jVv6ywjKwcGNHzGNgVCBALKLkXLkTjoNajmyNwd6w9B4jAZqDQwd4DUiexzVWrWpoe78fm,2026-03-06T01:00:06+00:00
3ywgUPATceumZHFA9oNgBNp1PhroYxLoBZpfTXPCGGhNhk2N1Ed3Y9ED7udVJSTeSYtmF92QwbuG88rKGgVozwNX,2026-03-06T01:00:06+00:00
3DGirmk6m4mmEDNvbnCezw8Spx4RBZQgEz4AFqhDyKuHFXq5UGh7oAubRcs6H7sbQWd8nudF5c2K9gRV3DPMg1No,2026-03-06T01:00:06+00:00
ESfwBcxZ15VNS6aSr1o6XaP5wc1ERfdxEPFtraw3W1k7gWZDQnTt8XgfFLgLKsMdwxQE9g8awuQFjmf3Xm4R6no,2026-03-06T01:00:06+00:00
AzsCP1fA7guQm5KsQ71yKt1xfhkMdW2Rbgu6AeEPMcFBCWSX2hsPsFaZhcHWQUfZaUcv1qYdUMY9bE1ZWfPQwRF,2026-03-06T01:00:06+00:00
559kJCeunTgFDcHHwrGEVW72VKJrpXBt9yuYtNB7SsRi2Mg8wrvezWMB5SMASXVMojJpQ16QhsESwU3Ph78Yyjeu,2026-03-06T01:00:06+00:00
2CVpcJiZsx5dX74m4LjyLujDP3krFgLLcZhtBVVXnREAg9QVuf8wjf6tFvsu9bGhBKQbDqMB7NERkAiNVLsMhrCk,2026-03-06T01:00:06+00:00
22bgnYcWB53k5erdSaxXEtJBBkrAnNRmGGZiGTb7Q2xAhAkJLmgP4awr3eZeB2dFwV53yyFmtDCtpJPL8HSkypJ7,2026-03-06T01:00:06+00:00
4iRPqQvXLin2WVqEjLPq2NHUFSog5AxJtLYtsz59pYxDwJWgNPL3PCLEnrJxMuCi3QWDYARsodY5kDyvs9sWsxLa,2026-03-06T01:00:06+00:00
5d18w5TLVYLuo1Q8zPJSCsX7NnEoGdvh1TrWRuTrAV3KAy16bMLLrserKuYaZU9Qofo77rjApAc77tg3FTrXSdzg,2026-03-06T01:00:06+00:00
cApAxKvJPovZk6cNJMpyAWBvfG6cnNQHW1skoEySxUCzoJLfWUP9NzYAGYmnHwzCKHXJQn2xnmLRKF2gLMXPEYS,2026-03-06T01:00:06+00:00
655eEnHgRXUu5uYTTPiyUuvNCxSGFck5xpyHdw1Eb93NMMuwknY22qYJ544a2AWmdasRr1EXPEsT1HjBkS9SJ8hB,2026-03-06T01:00:06+00:00
4i7hqmvcNEoQPmYVzU6LiXfk6YZEa9xZMXsFtfwpXV43t3ww4c1z63bDkmxNWXPswq1Ccs8rt9Ja5FAkrHw7Ts6v,2026-03-06T01:00:06+00:00
1rbF12tvnHN8Pg8apvGVFsSRZPbm3J7Z1RE6rTDg9WdjTXHByJqScN1JdXEBf21Mu2nWbxfqeLpVE4Kv9CS4Fp5,2026-03-06T01:00:06+00:00
3dKK7PCC6CdXPDWvWvEDL8j3JbkJX5v72XBd6SEdKtGiXsE6oVco4yKkyKehjeQywfLpxT98MtBHb9xrN5G68grc,2026-03-06T01:00:06+00:00
3t29oumu1AZaB7vcFhYtcrUUXDqpgBVHLP4bp8ZVotBZi9SpT3TRqTQNMpwGdByN1CpVv9CmLn8QGyEj8pxQtWue,2026-03-06T01:00:06+00:00
3heeiM15LhUQ1ujMmH56do1DESQiv8SUaMdpqLrANt7gP77bBrsRAom2fccmZfbfua3XA7Jc1zqYTphs5BMj1LWc,2026-03-06T01:00:06+00:00
5cHS4dLhyqV8ZJ2tg1NRQ2jxmrm16YmmK6s27er3kDuBVnFwuAvsNnvxX8LKxt8ntfMXVwU9yX1uCTAWQDPxmsZs,2026-03-06T01:00:06+00:00
21zA56p1hvnsaNusVPG3uPY11rgkUeR7BnXtMjgFBDVAzxZRpZ3ShzecHzrvp5Z8W4aSXMdLnmm7cdpE7ysZPR5C,2026-03-06T01:00:06+00:00
2148ZZSirjTUQTb28rff9WuvVAqEXjvM68n3MdSsYL7bAS96huSVi5JcFkZ2Sq94tFhAi6n1zD17AX2g1PpU6Jrs,2026-03-06T01:00:06+00:00
387YbfseCHoREYNzJjwTPPVniugZx7mkWgQqPzcsgiiEV48sEPDWQ6Pw4bmLKUTCxcrW6Js7eQgm6VwHRY11cB2s,2026-03-06T01:00:06+00:00
32i6RCd9Hz5iGLqEBsR8dbo8JphH9r8Y6iQpvQy92YMt9GtcNtypJVowcDMpMRi4WciCGcvWFTAVvYcCyaGRUN8h,2026-03-06T01:00:06+00:00
4dnRbtWLR6nmkjaGvmASKaxpTGPQPuhFnwQcFTUmmzt5E4x8Ue9n5V4ZMYpBEQv2MrGdHBiZUA5rNzcbNZaCSAcP,2026-03-06T01:00:06+00:00
3p3TRHZdZUj9RYKLQ6dv8biwxquhRbWhdq8PnbnAFu5SXNBJVaSGgz652We2WrKxZCSvRFcy7XBeLtPmEVhXJwia,2026-03-06T01:00:06+00:00
3YJheVznwn1cFyNwTnwpxf4ToVU1KDH7vCpPFJvqeLzRJxX2sN94WRLkGJp8YRNAdG8go5vTGLkHx7hGaPF7YsA4,2026-03-06T01:00:06+00:00
pH3BRU9iULwi8bUbdVFJL7cuEeTtUr2pzmxiDgm5s3Ra4toCxZ8b7J3Qy1cZpW5AvnFKKLzZig9RJM27zo8qffY,2026-03-06T01:00:06+00:00
kexqSrda333KncRbGiosoTQyeif4PvSqizQah3rvRsCrk12brEEK8KeMGr4V9SdDPPfGYCUaPeJgRoS9ndagqQj,2026-03-06T01:00:06+00:00
4nTdkgNmo6FGSNq6qEKbaQjWfpf52HhMYiv68zyira4to1fJCrdwgM55Ri4x8Axv8GQuafCuU2AUN2LrwYiUWssM,2026-03-06T01:00:06+00:00
5vSVotYgi7sFKddrdPzxoNXguMmAz6H274zxQ36PazGtUeESEXAm5KVWEoJFELXa5uUo8GqCyUSc2Jn3Mq7kHRyG,2026-03-06T01:00:06+00:00
5PAYtxHAezryAnakHt4XeuY7sMcdCGDWdxSoPc8aZ3VZhU9GA1CjwdM8zdeMxwEQMG9mn2rxmwF2CPRmGXkbBpXL,2026-03-06T01:00:06+00:00
29wqqAnoTxqFuefBP1vMQRX9DeBHExKzr6KMJkCHdAfvDAESJDGbpEcZR5fRxBdrgQzcbHChNPRt7xgY6g7WXYKN,2026-03-06T01:00:06+00:00
D16gWUqosNSEuUFXMv4hRRqzni5z7GTsSp12GD4bfbfzXMVnmEWfcoe4yfY1Zy16X1tWLJpDPCc1txN92iMfQHa,2026-03-06T01:00:06+00:00
3FgwNTRz5Ha8nG6U41fNddKmzKxSRmGHKYufVzD3tfo39Fk2u1E5a9XyTjdP4ksx6p3oj2eGyLQGQygLvY998jKz,2026-03-06T01:00:06+00:00
61WydCNTysqmFesSfoxj3dB4qRSkfRK67d7mzuobWhimRgkCPhGZmeT8N8NQ6cehLKgS51Afv5p6CnqeyTjk4op9,2026-03-06T01:00:06+00:00
33ioj4dYVBhQg1WJP5V43qYwoDXGwtXbEtM3EHRaruJ9SYtiavW9tYVSjFDrjniygkuVADYUdfRU3dR23YtTfRLh,2026-03-06T01:00:06+00:00
Pg6YMkYoxGx44Ua8WHFYmpNTXHRA1Hr1GDu8AsS37tcfFy3NLhf3dENAyFJm2iidtaigpMMnC9rfjq1JGtoXhfZ,2026-03-06T01:00:06+00:00
3ygU1oDMrn57g6EScnzPUEv2wYuxmYSJejPggtyxVKWm2urs4rfwc1wjtkqsVZK1ZA8gNJqDqJ1u9xwtMhMXRwZB,2026-03-06T01:00:06+00:00
3KpNXSv6GEQDQsHrGGv44favwhPcCjLyJLGneanf9rqdCD1sYJXiWceDAdiC24jwCRUSviZxqRmSPRudX9hHwbHk,2026-03-06T01:00:06+00:00
2gYmSnaFNhiwBDWdM4BLj8VpWfZQUW4QzVixyk8dcEzNPgYKJSLRa8nWHk34Q32HJ5a5gP8ABZE6wmrGqvP2WKXS,2026-03-06T01:00:06+00:00
4Nj9rrzUWo2VzMsGPC2rSP51RFwHg6TdiGL2qJLm4WM6AQwaXkXiwFxxDjN24odaRwNCWgWxVHdhGGyqMzNYspZD,2026-03-06T01:00:06+00:00
5jJWSesbGYQHx9GzGZ6AChtGKa7NLyJXd3aWME9ZRPJfpGmhVee3hrPLrAQx44Zpm9v8RLXQs1ndzknQU2D3rUha,2026-03-06T01:00:06+00:00
59kMGSKoVJgxsqR8C1mqfMsa7qACEnSLfRjXU2Hc5Ep9qccHngW7uYTMjg1WrAy3Eb57xwqGKWQwyn4vufZeKh4P,2026-03-06T01:00:06+00:00
9KBVrUSr1pfi2ammxvL2jXaGmmy7MDz3s6Mx4CwxgFwH6WB7gcAXsYiUP56PT2xjHmTxVynvHqvvCmbfNwkFbsA,2026-03-06T01:00:06+00:00
4iuKavv4RZvnwDQkLoBQwXYzjcdFfvrxVi6gbmPYgHHtcfBevJ9TfiJzPvoRsY3b1fbnd6NQqLpcfkDKA9NK6fd1,2026-03-06T01:00:06+00:00
3meAtc3HXx3K2sMKdpPLa9yVQnhfrVDWGK7qRqbbZdgN54j5XvmWa6SjPwvBmRo78oi94p5BTzLvEc7VdxG7ZmUt,2026-03-06T01:00:06+00:00
NgHppM1sQuV3hw6cqvp8fDahWpnvKKLbFTQmzMU8n2YbFVT8HzU5x8Pnm2nrZzuFRGTMep6vzjcAAYApYj78FTz,2026-03-06T01:00:06+00:00
2GXTQgCSso1guPxxkmXdnqCJaoUfLsPGiypiriFb7ifjVbwtv2ywLLR9DgrDfQhvxJf45cTkK33NK8FRj5hdND4V,2026-03-06T01:00:06+00:00
5VN4MEDReZevofr9z5Xv5E5w6bJRdDxqFV7GbFgRkv49L4hBTVpfGxMyDdKGncsKMzDCxm1x5K53ajy4qmrixnbw,2026-03-06T01:00:06+00:00
5tueEwGgPc9Z9Y8ciVs8jBpKLFt67cYSSajiYnavtSdG6w8KqEsTQGYMppbZ1seLunfVmRurdCatqWg573hxybCK,2026-03-06T01:00:06+00:00
4FKg1g66umkt3HYQCDsyAo3CtZD2QKJ9vgoymzmwAdw4FrUgdEPcyMoN3C87o6TWQowYbnGq77FuoXZNuuDMvzv1,2026-03-06T01:00:06+00:00
24f3d4cbLacYxBeszZsChvWsrFgNEZwTfozByU6TTWqPXQjMNU7bLB8Ex6KYL9VtHD4SnB87q7ogdSP2XEhEBzns,2026-03-06T01:00:06+00:00
59niagxtXUnkWwBeMdgWPcbukoo1sGDnr7qq2HZP89wgggcRfY2MSuFY4uoMRq4R2pHzwRwuTUFyLx1ruVKgeNjL,2026-03-06T01:00:06+00:00
2whd2bNSt7aKnNyaDoKrCndU6ekpdpUtfb7rpn5saj5REaC7GctzkTS6Jx5t9qjYGeoAf7ivntKsLovLHL9Htx86,2026-03-06T01:00:06+00:00
9UKLTYU9aRHaWoFCqRaLJToMDNv8iyURD68YD7CUQ8VwK7zrZqyrKE7DUAu7qep4z9GDHCuXLAUhR1EujsH1aaf,2026-03-06T01:00:06+00:00
2ETQsNftGcVFQZHiH76EX6LjArct2wUekA2PAuGj2i6YDzt53rpdBgPDNaEoyELbSwco5Rt9iVwJJ8yB6276CVt2,2026-03-06T01:00:06+00:00
3jt82bjNkadfCaNs5aSEZKWwymdgMiJhNtjcNRDk24Vvyouh14CGNjTWQ53jixcvtGQ24WzwEifgzjrZdhVw522g,2026-03-06T01:00:06+00:00
5Hgf5w3q27mDpM8cgdKpLgE3RCoaSMLN4Stntmo5s7UrCcnhjzuRudmB1qmarh6K9KAeWc2c1FjQ4cWg7Di7DgCj,2026-03-06T01:00:06+00:00
vt5apU8m1KnHMGqH3LNwUwEkiB1928h2yXHKSWZcTisw6nnwyKu7AkQtDX9jABUPVnxiPB83Cy6BVgJbg4Yhu57,2026-03-06T01:00:06+00:00
3Hkrff1b9MMCqQ4UaLF2r4ZwPpDraFLpB7GN4RsUBfQjYx2eFr3auh9wF2A8HdZ1fkjTxm6xJU5P1vg5pgBkxWd1,2026-03-06T01:00:06+00:00
54qnG9JPpDfqTdF9MWMx8LwZt5T6QNXBhiKRSy2Zo2Li8EbLdD7nfCYQdQACw5wmskCfDb2FDdT6xNSVG58Hs77f,2026-03-06T01:00:06+00:00
iuryFzeLkaZQwq92DxYzhif5mRKs2d81mnGxfPDjs9hk36nzLNjz8ViwjDSidsaCzRyPSEchE5m1Cc5VeTQUwdZ,2026-03-06T01:00:06+00:00
3XKPXq1WHFf2Lwirifpaxzq9umEp9C3S3dp29UZ1d6K7ZBKgWEKweqZ3iziLJhxpSx1Bt1KwgJYXwJDDmSM6RCMa,2026-03-06T01:00:06+00:00
4uQZW6pLYxnwqxKAqrQ2jXV3DtiJfG8su6t9sbeNvVU7gdGMz96cjNXVxRMwmCxdrPZFY2Zh4zkqin4SiSEXwEcF,2026-03-06T01:00:06+00:00
4VecvBC1e7jvFzS3R63TEXSPe1YdqzpGRTtbdpoqGCeKg7p49AfzJHCWC2nihhrm8tfUbL11fwFbu481BpekA5oF,2026-03-06T01:00:06+00:00
46zjJpi1oNgwEZKRymM9Q6N7Fm7eS4yF6nMuxqcTjTRv7Hixef2bPVyRAwy2dzBgRvFDC2gabuLpCpyyqG6R6q1R,2026-03-06T01:00:06+00:00
2eVZ34bcGF1qzh4gdKKJsFJGEAW5PoogxRfqux287egH5EYsbohd22yuzb6JVBhGGDTFHqT1eqFd8Amp66hW6cHZ,2026-03-06T01:00:06+00:00
3wvV8Ey4Zssm8sRGe9KEuZFqNWRg4iAaxsurSNteh6Eg3XnLSiHPFYK89i78VF1ArJgrJtgPWmdUenh1kNrdNbZN,2026-03-06T01:00:06+00:00
5GyU8fRVSvoXX1GSybCGFxQJZN7ErRcZNi1EzCA1NwawkG42xJ7LNkNbEmQV6xzMufLUYVQwf9kmgutu8tQRAraf,2026-03-06T01:00:06+00:00
2eFYWyLrxpuSX8LEfGSgCcjx9WWfjbqGpxQVkTddaLa7svKyi8WLQP31hXWoyz2FmtbXqo2Aemp1zzFfoAjk1Xag,2026-03-06T01:00:06+00:00
54dSSp26b28qrNLwbFTKnaQViiTGQHCosV3LM7RRaaGev2TUe3RHuwGruX7BrzYK5xFB2WR3WuXd8AEih2AeyTnz,2026-03-06T01:00:06+00:00
5F3F7hvQZBomf6akt4bPZzxxToU1EfpxAcnyDk1QghUrzi41dyWjwEZNEfTkpUbaNMCFnQtBA5bKFnZPd5k81XVf,2026-03-06T01:00:06+00:00
5ZwVvdsosvEZRvvkRXqAmxWPjcu3hpVYsFdf7ySikbqT7mJTEPFWQMQGznbyCcMpqAmpafyrnhhHQuoaqd9uUEpW,2026-03-06T01:00:06+00:00
5FE5zAWFYKTavpL45aPe7dRnMjiXtdFLK9w9KPY3jT9qDRwhwoaHTsXXGUwfyMMabAd3qUA1GZutsStJQeVgvUhs,2026-03-06T01:00:06+00:00
2c3HY3LFNWD1nfrR8kHptDhBaNoARwGhFp1isUx8N1qnKNbWvXNetyfeq4NUKEVUyj2haknj2CCskciAJZMR93uu,2026-03-06T01:00:06+00:00
4i8sCeCkfhGDdNGGpQooqVb5KMYWikPEnwMW95AcorZ5A9gz3RirYkJtMGktz2nBgax8FeSRxtPCVNr3BVwdZ2Su,2026-03-06T01:00:06+00:00
3FtTZMBHgAwufVyr6vahE7eXNALfpYfp7GsW628AajuDDQKzSs9gUPLTwNbLK7H3kigPg5jCZNNpRtpDjV3TRDSE,2026-03-06T01:00:06+00:00
o1Dq2NbC7wDpEtqFSiWRXN6YbmZkZ4HVwHeRsTYise18pXh5Ybse1aMCYrMViSQhhL2AbFvweFGTHLphChNvcMz,2026-03-06T01:00:06+00:00
3P8rrbJTwNgafE6B9YDYEuBhqmyKE75aMEMm5HHBPq68zp5ztzYAQbdtzkdxmVRZtnynEMnuJhgQ6QAsFCr7owj1,2026-03-06T01:00:06+00:00
FauEcaGx6rhcphvwbutYgtRLZp4RuMYA376bjkrtw3jnrw3KXULzajgLW9WVwpV2Q6ZgkGY9cZrHFUfLGrtfy1g,2026-03-06T01:00:06+00:00
4yPa27FxpmzYujsQhibAzwemdCVWaHM6FQTFsNhh6XZvRXyXyJbD7t7DmBdwWgAoh6LqUPH7WyPDKrQAQ9Skf5SK,2026-03-06T01:00:06+00:00
2wb1L9BP5rumcNxfQRaXoVfhFHvrzzS7AR7CMet3d9LpCPG2osqyY5dAmH4QRW4RLYUzWvVZV1ETmJP2qjAesP8W,2026-03-06T01:00:06+00:00
3aj3oFS71DxXYBWCdNZZue6dNd5PriLiY5rQxDor836cjG2Uj1mBM3em95ejQCBqYqGfKR5qrZzMa69SrNsHYE2c,2026-03-06T01:00:06+00:00
7khyFTUAFWRytRwP8M5HaNY7XQfUifJAR5zv34tAHTpzzzUibb4A5aGR7ALLA2vgzaE9LYgWkZFbYYGYse4WHgW,2026-03-06T01:00:06+00:00
WuFHRVrCzgbDUbJH1VkC6A5Q2YpUxXTVQcGtooq5gwKuZ9VivCSZicYhNMp3Uap9SkZQtJsEbBXPGUcgGHDkzKs,2026-03-06T01:00:06+00:00
2nPQu2o11cdsX3SerEWjZeoRnRbDJPfBPTYLZBP36GbkxChqnh9rSzeG4EHLNDFz4DMcU2inY2AWoekY7BbEnN7T,2026-03-06T01:00:06+00:00
YCQfpBXw62Uj6B6ZjkgpY7rPDeXtkAJyrFMmDSiQWXe6fqUTZm4NFHndGBVr7JqgydsCeT2gZgHcYaMzDEcmsdZ,2026-03-06T01:00:06+00:00
3Wj6JrHoGZVriMhm4hNwJN4hHiPw6TVShrdhfY2ek4QtmAPxFZKN8srMrH5G92JAWfD9YVDWEmcBRnrqJYa4AsGg,2026-03-06T01:00:06+00:00
5Z9Q9GA8jtC6LD4QcRyLCjAhVr9m13Q4kaikdqMbbddsRpJEnBNRSeg1FN9puaGnQJzjSdw5uz1k5LEWGQzpKaMy,2026-03-06T01:00:06+00:00
4FxF24vXpH6Xq3YaFsWmFV8Bx8undEaMY5zJiAi16pXRzcpVV7mnyC27MvgB5zK7KESy54CcBWxC2zL8ftLuz86g,2026-03-06T01:00:06+00:00
3WSDTZdQALjgS4mYPu1dW5qeWyQTauSizNHEEqkQmbuea3t9aRVk45juMuRFS4PQzpPBUChHdjJwJNoJFuoExy5K,2026-03-06T01:00:06+00:00
5zeitw5p5rgAyYKrA8coFWYTnreHRWJLuW3bPzXz4sfGwym6kVtFNoTTVGReM3msv7S5NXPneqXo8fSsryDxuxyG,2026-03-06T01:00:06+00:00
SGDdVJxcceNveoJfxTWMa3YenSUHtzp1MtPozGimzwGRw1csyvqMtR8W5uCzFt8daUehXSz5uQ5Z7aJ5vdW4bAf,2026-03-06T01:00:06+00:00
2mhXi42SeX1tTnyabDeAzqhLYEBaEEp5b732aHCMZcmrc7q57HVUudoerMEWF55dF62ZEUEJDqiUmNy2PVtVKWRG,2026-03-06T01:00:06+00:00
4LcmiWNVCAWL1JheyTw85EytTE85xN5T24C3wdgks7Xk4m54TGziUo1sZG65k4onCnPobwpbqcrbvFZsUuwaCnMk,2026-03-06T01:00:06+00:00
43EXQdNYAQdhzSMhQD3ejdvhiniQT8AVBxA6BuEM6WYmn3NAe5FKQquWX7oXXi9GWuTD9ULVqGRmQEntrA7ked5V,2026-03-06T01:00:06+00:00
57mjGh9JMJdCqiWMDcGT6cidaaFQuy1U5c8bRAXkZD5WPPHu7yhQ1YMuD4jbQoXATWyk4qnNrcfA7n5GuoBqPpQB,2026-03-06T01:00:06+00:00
43ziAxK13WasAzrrQSsPL6EreUc3sgynNWtMCHqd9V2SQrgXHJ9auVaZphZNdbqA7DEAAt35ChbGBFH2wGXrwL6s,2026-03-06T01:00:06+00:00
64mBkL4rXNzDdJB9cYz9aMLo9YAWwNC9fqMtFvPP1CqVkzTabrPGZmrY3AXbijX65QmaXoNDY29ytz8UFzNRG9Co,2026-03-06T01:00:06+00:00
3APqoRRoyGGhSFg7KmLM3rA6d5EpKJ7Y9PZMAh8WavbMSBXszmGShjqXhMVEenyo6VhSWHPjbbFP1sRpRrFqWSm3,2026-03-06T01:00:06+00:00
H3nWnAs6S4EnyWvre7k1ZPr7MW3DDGE8jms2yPpvzJFT7EUvYRCBffTwT2HLZk1eTFpeqJPzqTaZ9JKtUjfBbpm,2026-03-06T01:00:06+00:00
w1bdeSWpSQTS5SpoWS7bsirym4Xqq9PTRHqgNTRJ32JYPZPnUdHkQ8K3gbPV9iWVQ8h4zcKmMciGt62XoQpAg6o,2026-03-06T01:00:06+00:00
F82v4BKJC8CJqMKV7LE4wENKGcWhNxPXJQUc8DrBvBHj1ousALWpJCTpYvxNtwEtApmNqLW2VQMV1318EanRBxv,2026-03-06T01:00:06+00:00
3mWFPidE7YXUceQcvbfuarTyrhcsXiVLcicMV2yeZqVX9mSJbz3tLbXMUr149ZwJzKnmu66xroxvUBpRsAqWw8Gg,2026-03-06T01:00:06+00:00
4SrSgupmS3fwHk5zHifpHYtAmQ6YrqhG6PR9GEWHDG5dNVNB47J48MUwEKiEM6k9Xzny2JHjNiQzS3v96Bit6E8E,2026-03-06T01:00:06+00:00
5YeQqD6mSHQGHtvzH8vzsxLzjtMkC5tyLf8WwKD91kQ8UznrsA6RHc1sjNCicXHPTcZ18qUxyinYbsE2LSX2mJnA,2026-03-06T01:00:06+00:00
hZZVnJnyH7uJ6dVHq4ffGrYcMQg6jYw23tiHw5iXjFAmLr6fJRqQSemNzqFgcBYgicJnx6NxPzYvbysV2S6iHAj,2026-03-06T01:00:06+00:00
4oJJ7rcoQBMs9H62VSmTx4MkzhVpCQSoK2vG2HAtmtPpc6eNhiBpiKH36opJbEG6p7zpunA8S21pDxCQ2TT32ogz,2026-03-06T01:00:06+00:00
4RGfPA6SPWWcoxy3B55S3Bv4XSLcTpNbSvCgYHmP18AsaWAEMFMbrJM6wkr66rvwU9H4LQJi3Ez1auNumtr7WTr6,2026-03-06T01:00:06+00:00
QiP14Es8aLHMba3AqX31vb1vibSWoHf6VsyD8LpZ3rJbA9ArqgumZ9ptvvUvDX9uxpk1EP713FVAyPGD9aomyDN,2026-03-06T01:00:06+00:00
3DtrkviNx4m9wjnVHZE4QboZZLTSEUeyDQqFqhTTt7vatFpduBGWUkGHxTFyhEToPvQqwADKHhuHSEbLainTpcKh,2026-03-06T01:00:06+00:00
3mXkwNjot65S8vkDayaQwnDtCnErsQuwUtu8pYaK9KRjLd8pqxgWD4BDjcr6iQ7DkvySSh8pDFDztiegcJRF9nNE,2026-03-06T01:00:06+00:00
KpEa65sR1RiPz9Ps4xo674TvZ7uViF5LoFzoHdbn1qem5Ac8u8PrYxeJo55hw7AeH6zewMJ62y2FGMx4KznXS7D,2026-03-06T01:00:06+00:00
2qZpiMN3TdpKstrnEkUiiiAnWA364XmCWS7VNgF3qN3nxJinrKFSrQVD1ZaK4sMEosxfimPeKgKtWrhCxxQPrXKM,2026-03-06T01:00:06+00:00
mkWCuU6iYvNVukaLFDTwqVSmM1XqAsrvqEC3PFXK6ZRuJCTr8tyzNcAKwExZzv93QTW72ruyh2JnhsFZ1aybuKs,2026-03-06T01:00:06+00:00
4uEXJg7jSQ7zbFr7nz42X3RRMVNNc5pSc8ydUVBgZ5ozT54RMLncyM1CqA4BAVfUHghRcDhBA2ymTRHqMEhBrJh5,2026-03-06T01:00:06+00:00
44UXztHRPwvEZdMo9mt7QbQD5pPTGvepXpKD86NSmM8n7DyavVriSPn9zNi6rYLwNCB77XBXAdG1N743QDqPdZY2,2026-03-06T01:00:06+00:00
5Lo6v2VsXFXtKPrYdKDdC7wJ46eGfK1XgYBSFE3joBFxTsqDta7qGYKYjhKcTf6DaXzgrQ6hUA9cfzpb28YpVzcc,2026-03-06T01:00:06+00:00
3Z7HGnkDLbeQJHvaveMVsPncWQP5ntmVs47fXpspYwtm7cAfb7dEdqd7JQ7fY4J5rjnukxJUuEpyh6ybvNQG9dp2,2026-03-06T01:00:06+00:00
3e4iKeNTXuRkePFu1bArD65sekxfkcMWbc68eWk1tzNHBDU9FQeTz1rT1rZhsqFdwqh3syWpvCqx21jDuVGiEGz9,2026-03-06T01:00:06+00:00
4vyWGPmXP9oxppZuyU2ofVdLeDcoXtXQEygVQX2h5PHr8sBMVb7wsSV2wDsPgteDFvj8jCngquXdZH4r9PLncmrV,2026-03-06T01:00:06+00:00
3AoTnbrKXojbEVJwfQPPoRxSQ3vJQyuEjxd3P4sW9STZzkSM6HG2NfmT5aKtNpMALrjv8QyyeTAzM3LMxjnxSp9c,2026-03-06T01:00:06+00:00
2jUs5jTUSCLjvaDpkEvXwP8eD5CF9ASDeCpZ4zrR5bxFUNP9protEXV5CPzt3jGuzP86CSKDUUan29ohuzCGKMwT,2026-03-06T01:00:06+00:00
5aWptoXgWxXquWc5WXPNpsUkP6onU55u49G6mXEWJBHkjdeyS3aWzcgfeAYCz3zxTqdQF8mnf2FZ2TBdfWJ4tCic,2026-03-06T01:00:06+00:00
5kSw1p2Kmh18ssTFX23SVCxWBaJbQ5fJSukmkMSfSzdHSJqiYvtXF3d6CsHQCF9AC2ukojay371ze3uYs3FPknZY,2026-03-06T01:00:06+00:00
4aRTBB6isyLKvfdN196uDJgD3cZFwwKV5xa8JQ2XUJXPbGimyJ6XggC4gQ8MKuT6gPJZYKycHgrmaww3pMnPj7jR,2026-03-06T01:00:06+00:00
38imU6DGG23X3mud5jBdChsMrYsnponNwCmvPtk9LUnkM5oRyB3B1NbPHLqfJ8A2fjWQSCc3QGC1QVGcPC1AgSma,2026-03-06T01:00:06+00:00
4A29e6Y1KUCXW1PpcsTm4k3J8x9UEoiY6FsgnCC98hCraewMMhFbQ15XatpAK9Bh7a56MG27qXv7Qzb8YytrVb7L,2026-03-06T01:00:06+00:00
xJzt5ziVNXdHQuTc5CUALEZb52zJ4Yfsji4PKMJ7e9aPCwP4AVCQqDpHBib6vzZ77tPtcX8zxFh8MxmuYVH2wmM,2026-03-06T01:00:06+00:00
4cyhpEm9Wof8vBz8LTPhE6aenAtjUd5SkgWkLmmd9EMid3oMNv65J7WfeRK2J8MqUc9g8bLKULscZvsQ2hns3NJc,2026-03-06T01:00:06+00:00
2bgFFQ9P4dpfkn5JB2Bo6dMSh1MSJCtGAomR5yNyQScoDMwyiep2SeMvX6yXwP5DTrhtuhZVwa2Lm4KxQN34VVGe,2026-03-06T01:00:06+00:00
mzv7QK1uNef9dA3S9nPqqNGhwAWbTYDEDjdHU2kdS2BWb7vcWBk8rFSfd8fyKZzXpuX5EfdGQ55p8nZkzaGsVz8,2026-03-06T01:00:06+00:00
2JFRHMsfm5H7UaGUnC3CTB5eMbMkBKcKpHLbtJ9z63vp8n2j4BryjTnbWGCkjefUekwaVfQhxNJRrSemYbbrFTXN,2026-03-06T01:00:06+00:00
fgLQZhVbssfjLBDL8pmLzjm3SFk9hT9XCgNinjzCq7vpxGNiEBDZxKBq2PPn1TVWkwbuW26PCyRFZTuki7RNjHx,2026-03-06T01:00:06+00:00
3KVPY5YFhawzT2rpyQLet1PzNsDMft7R55NZ4gJbSmPcJkSfAxsfEteChAtxpjmwHCZ8aVXFzgGzPmiJf2wKEACR,2026-03-06T01:00:06+00:00
FLsZnGA57dt1ZYxU7fa5kC93rbXX7bE4okDFDLcF4m1ULWhbgurGBC3mCMKh2hj43WR9wPgdTpgMokiMv6LsFxs,2026-03-06T01:00:06+00:00
2xwWm6oYryKPWeZ7E6P8ao9SrjoJ95emdNqzu4o7YLetZPr86a7fJDdg6AqDn5irdSFSp1oBEwjmx22JwLYv22ZD,2026-03-06T01:00:06+00:00
3Kfd3xA7uW4cakUbdutvcj8nZ3NA3qq86ScdsyqCeJt9PbugMtff3efKovyXxncWxbTCetx7iRbDWBPmciVenYh5,2026-03-06T01:00:06+00:00
65rNwQ3kPRnbBvTfNNgg7G1fbXdeCJZXo1Ud7z5zKMogDr8ATa7goEDgSZZZ7imtPFbbDLXpJ4pFDHSGxQC6WaBb,2026-03-06T01:00:06+00:00
ZVW2Gi5c5Hmps3NAURMhj6K5EU8yE492FdrjJs2tSheXgVxS2V9grtnqmfiqW2SekDk99rMGVhiwTS15JHdRp1n,2026-03-06T01:00:06+00:00
bqgNp64oC2nUb5rWU6gZSXWMdrDwpeZe1qSeKejfU1vjB7iZTm2rBPM1Yofv19KkfXhF8sUb9565oBUvowWLuPo,2026-03-06T01:00:06+00:00
LBkPLFmLYNUiio5ZeArUS52oMougvw9HRHBb5cCakov1rrKnzJWuzPkqZLkJZXVyLrd6cgDRU4sKAeP9YzNJJ2C,2026-03-06T01:00:06+00:00
AAAmkK7QCaUJzjLpiFJiMnQ1mtHoDVnBVSQWfY4HaiGVXJy8QDAad7wK58EKkMjE58rvPCuExC1FDXkZsYHBQdm,2026-03-06T01:00:06+00:00
3Bwch4BY2DuHQtD9YxCcuNApRAHXVRpawQD5Pyhp3SnZe3BTYtpYfqZ1P8q88WmgMdrNR2bEr79CrCXZKM3fy4dS,2026-03-06T01:00:06+00:00
